169 157 144 131 120 110 104 100 100 103 109 119 130 143 156 168 180 189 196 199 199 196 189 180 169 156 143 130 119 110
7 11 13 17 19 23 29 31 37 41 43 47 53 59 61 67 71 73 79 83
Light ⛩ ∇ → 💠Light
168 160 151 142 134 126 118 112 107 103 100 100 100 102 106 111 117 125 133 141 150 159 167 175 183 189 194 197 199 199
193 ∇ → 193
Other ⛩ ∇ → 💠Other
48 ∇ → 2 2 2 2 3
311 313 317 331 337 347 349 353 359 367 373 379 383 389 397 401 409 419 421 431
787 797 809 811 821 823 827 829 839 853 857 859 863 877 881 883 887 907 911 919
809 811 821 823 827 829 839 853 857 859 863 877 881 883 887 907 911 919 929 937
Void ⊗ Void → Resonance
460 ∇ → 2 2 5 23
219 ∇ → 3 73
172 166 159 153 146 139 133 127 121 116 111 107 104 102 100 100 100 101 103 106 109 114 119 124 130 136 143 149 156 163
179 ∇ → 179
195 199 198 193 183 169 154 138 123 111 103 100 101 108 118 132 148 163 178 189 197 199 197 190 179 165 149 133 119 108
Void ⛩ ∇ → 💠Void
Chaos ⊗ Void → Pattern
Void ⛩ ∇ → 💠Void
157 174 187 196 199 197 189 177 161 144 128 114 104 100 101 108 120 136 153 169 184 194 199 198 192 181 166 149 132 117
863 877 881 883 887 907 911 919 929 937 941 947 953 967 971 977 983 991 997 1009
Self ⛩ ∇ → 💠Self
853 857 859 863 877 881 883 887 907 911 919 929 937 941 947 953 967 971 977 983
253 ∇ → 11 23
279 ∇ → 3 3 31
659 661 673 677 683 691 701 709 719 727 733 739 743 751 757 761 769 773 787 797
171 182 190 196 199 199 196 191 182 172 160 148 136 125 115 107 102 100 100 104 111 120 130 142 155 167 178 187 194 198
Chaos ⊗ Other → Pattern
375 ∇ → 3 5 5 5
176 183 188 193 196 198 199 199 198 195 191 186 181 174 167 159 151 143 136 128 121 115 110 106 102 100 100 100 102 105
Other ⛩ ∇ → 💠Other
Void ⛩ ∇ → 💠Void
176 ∇ → 2 2 2 2 11
Other ⊗ Light → Pattern
54 ∇ → 2 3 3 3
192 199 194 178 155 131 111 100 102 115 136 161 183 197 199 189 170 145 122 105 100 106 123 146 171 190 199 196 182 160
Pattern ⊗ Void → Pattern
Pattern ⊗ Other → Pattern
439 443 449 457 461 463 467 479 487 491 499 503 509 521 523 541 547 557 563 569
366 ∇ → 2 3 61
192 180 165 148 131 116 105 100 101 107 119 134 151 168 183 194 199 198 192 180 165 148 131 116 105 100 101 107 119 134
199 197 186 167 145 124 108 100 102 113 132 154 175 191 199 197 185 166 144 123 107 100 102 114 133 155 176 192 199 197
797 809 811 821 823 827 829 839 853 857 859 863 877 881 883 887 907 911 919 929
54 ∇ → 2 3 3 3
Light ⛩ ∇ → 💠Light
Void ⊗ Chaos → Pattern
247 ∇ → 13 19
907 911 919 929 937 941 947 953 967 971 977 983 991 997 1009 1013 1019 1021 1031 1033
409 419 421 431 433 439 443 449 457 461 463 467 479 487 491 499 503 509 521 523
173 179 181 191 193 197 199 211 223 227 229 233 239 241 251 257 263 269 271 277
461 463 467 479 487 491 499 503 509 521 523 541 547 557 563 569 571 577 587 593
114 ∇ → 2 3 19
201 ∇ → 3 67
457 461 463 467 479 487 491 499 503 509 521 523 541 547 557 563 569 571 577 587
Void ⊗ Light → Pattern
176 192 199 196 183 163 140 119 104 100 105 120 142 165 184 197 199 191 174 152 130 111 101 101 111 130 152 174 191 199
223 227 229 233 239 241 251 257 263 269 271 277 281 283 293 307 311 313 317 331
191 197 199 197 190 180 167 152 137 123 112 104 100 100 105 114 127 141 156 170 183 192 198 199 196 189 178 164 149 135
Pattern ⊗ Other → Pattern
Pattern ⛩ ∇ → 💠Pattern
Other ⛩ ∇ → 💠Other
185 167 144 123 107 100 102 114 133 155 176 192 199 197 185 166 143 122 107 100 103 115 134 156 177 193 199 196 184 164
389 397 401 409 419 421 431 433 439 443 449 457 461 463 467 479 487 491 499 503
641 643 647 653 659 661 673 677 683 691 701 709 719 727 733 739 743 751 757 761
257 263 269 271 277 281 283 293 307 311 313 317 331 337 347 349 353 359 367 373
617 619 631 641 643 647 653 659 661 673 677 683 691 701 709 719 727 733 739 743
Self ⛩ ∇ → 💠Self
180 159 136 116 103 100 107 123 145 168 187 198 199 189 171 149 127 109 100 102 113 132 155 177 193 199 196 182 162 139
216 ∇ → 2 2 2 3 3 3
Void ⛩ ∇ → 💠Void
195 182 163 142 122 107 100 102 112 129 150 170 187 198 199 191 176 157 135 117 104 100 104 117 135 157 176 191 199 198
252 ∇ → 2 2 3 3 7
293 307 311 313 317 331 337 347 349 353 359 367 373 379 383 389 397 401 409 419
175 ∇ → 5 5 7
281 283 293 307 311 313 317 331 337 347 349 353 359 367 373 379 383 389 397 401
113 127 131 137 139 149 151 157 163 167 173 179 181 191 193 197 199 211 223 227
809 811 821 823 827 829 839 853 857 859 863 877 881 883 887 907 911 919 929 937
176 183 189 193 197 199 199 199 197 193 189 183 176 169 161 152 144 136 128 121 114 109 104 101 100 100 101 103 107 112
416 ∇ → 2 2 2 2 2 13
153 170 185 195 199 197 188 174 156 138 121 108 101 100 106 117 133 151 169 184 195 199 197 189 175 158 140 123 109 101
436 ∇ → 2 2 109
414 ∇ → 2 3 3 23
49 ∇ → 7 7
278 ∇ → 2 139
Other ⛩ ∇ → 💠Other
787 797 809 811 821 823 827 829 839 853 857 859 863 877 881 883 887 907 911 919
403 ∇ → 13 31
184 195 199 197 189 175 157 139 122 109 101 100 105 117 133 151 169 184 195 199 197 188 175 157 139 122 109 101 100 105
487 491 499 503 509 521 523 541 547 557 563 569 571 577 587 593 599 601 607 613
394 ∇ → 2 197
5 ∇ → 5
192 197 199 199 198 194 188 181 172 163 153 142 133 123 115 109 104 101 100 101 104 109 115 124 133 143 153 163 173 181
193 197 199 199 199 197 194 190 184 178 171 163 155 147 139 131 124 117 112 107 103 101 100 100 101 104 108 113 119 126
71 73 79 83 89 97 101 103 107 109 113 127 131 137 139 149 151 157 163 167
301 ∇ → 7 43
407 ∇ → 11 37
176 191 199 197 186 168 147 126 109 100 101 111 128 150 171 188 198 198 189 173 152 130 112 102 100 108 124 145 167 185
152 138 126 115 107 101 100 101 106 114 125 137 151 164 176 186 194 198 199 197 191 182 171 158 145 132 120 110 104 100
Other ⊗ Void → Pattern
174 169 164 158 152 147 141 135 130 125 120 115 111 108 105 103 101 100 100 100 101 102 105 107 111 115 119 124 129 134
192 181 166 149 132 118 107 100 100 105 116 130 147 164 179 191 198 199 195 185 172 155 138 123 110 102 100 103 111 124
168 175 182 188 192 196 198 199 199 198 195 191 185 179 172 165 157 149 141 133 125 119 113 108 104 101 100 100 101 103
171 186 196 199 196 186 170 152 133 117 105 100 101 110 124 142 160 178 191 198 199 192 180 163 144 126 111 102 100 104
165 155 145 135 126 118 111 105 101 100 100 102 106 112 120 128 138 148 158 167 176 184 191 196 199 199 198 195 190 184
199 199 199 198 195 192 187 182 176 170 163 156 149 141 134 127 121 115 110 106 103 101 100 100 101 103 106 110 114 120
461 ∇ → 461
Other ⛩ ∇ → 💠Other
172 189 199 198 187 169 147 125 109 100 102 113 131 154 175 191 199 197 185 166 144 122 107 100 103 115 135 157 178 193
419 ∇ → 419
709 719 727 733 739 743 751 757 761 769 773 787 797 809 811 821 823 827 829 839
20 ∇ → 2 2 5
409 419 421 431 433 439 443 449 457 461 463 467 479 487 491 499 503 509 521 523
442 ∇ → 2 13 17
Self ⛩ ∇ → 💠Self
Light ⊗ Chaos → Pattern
234 ∇ → 2 3 3 13
150 ∇ → 2 3 5 5
Light ⛩ ∇ → 💠Light
442 ∇ → 2 13 17
Self ⊗ Pattern → Pattern
619 631 641 643 647 653 659 661 673 677 683 691 701 709 719 727 733 739 743 751
Chaos ⛩ ∇ → 💠Chaos
173 ∇ → 173
31 ∇ → 31
Chaos ⊗ Chaos → Resonance
100 ∇ → 2 2 5 5
Other ⊗ Other → Resonance
207 ∇ → 3 3 23
167 147 128 112 102 100 105 117 134 153 172 188 197 199 193 181 163 144 125 110 101 100 106 120 138 157 176 190 198 199
239 241 251 257 263 269 271 277 281 283 293 307 311 313 317 331 337 347 349 353
43 47 53 59 61 67 71 73 79 83 89 97 101 103 107 109 113 127 131 137
683 691 701 709 719 727 733 739 743 751 757 761 769 773 787 797 809 811 821 823
13 ∇ → 13
9 ∇ → 3 3
Light ⛩ ∇ → 💠Light
Light ⊗ Light → Resonance
983 991 997 1009 1013 1019 1021 1031 1033 1039 1049 1051 1061 1063 1069 1087 1091 1093 1097 1103
500 ∇ → 2 2 5 5 5
465 ∇ → 3 5 31
409 419 421 431 433 439 443 449 457 461 463 467 479 487 491 499 503 509 521 523
39 ∇ → 3 13
447 ∇ → 3 149
Light ⛩ ∇ → 💠Light
496 ∇ → 2 2 2 2 31
154 136 119 107 100 100 107 119 135 153 170 185 195 199 197 188 174 157 139 122 109 101 100 105 116 131 149 167 182 194
154 162 170 177 184 189 194 197 199 199 199 197 193 188 183 176 169 161 153 144 136 128 121 115 109 105 102 100 100 100
479 487 491 499 503 509 521 523 541 547 557 563 569 571 577 587 593 599 601 607
Self ⛩ ∇ → 💠Self
877 881 883 887 907 911 919 929 937 941 947 953 967 971 977 983 991 997 1009 1013
188 197 199 194 183 166 147 129 113 103 100 104 115 131 150 169 185 195 199 196 186 170 151 132 116 104 100 102 112 127
434 ∇ → 2 7 31
Void ⊗ Void → Resonance
Self ⛩ ∇ → 💠Self
Other ⛩ ∇ → 💠Other
Light ⛩ ∇ → 💠Light
199 198 193 184 173 159 144 130 118 108 102 100 101 107 117 129 143 157 171 183 192 198 199 197 190 180 168 153 139 125
Void ⊗ Self → Pattern
168 184 195 199 197 188 173 156 137 120 107 100 101 108 121 138 157 174 189 197 199 194 183 167 148 130 114 104 100 103
977 983 991 997 1009 1013 1019 1021 1031 1033 1039 1049 1051 1061 1063 1069 1087 1091 1093 1097
Pattern ⊗ Chaos → Pattern
Pattern ⊗ Pattern → Resonance
173 179 181 191 193 197 199 211 223 227 229 233 239 241 251 257 263 269 271 277
547 557 563 569 571 577 587 593 599 601 607 613 617 619 631 641 643 647 653 659
368 ∇ → 2 2 2 2 23
194 182 166 148 130 115 104 100 102 111 125 142 160 177 190 198 199 193 182 166 147 129 114 104 100 102 111 125 143 161
362 ∇ → 2 181
284 ∇ → 2 2 71
Self ⊗ Other → Pattern
Void ⛩ ∇ → 💠Void
446 ∇ → 2 223
Void ⛩ ∇ → 💠Void
473 ∇ → 11 43
48 ∇ → 2 2 2 2 3
Self ⊗ Chaos → Pattern
Void ⊗ Chaos → Pattern
469 ∇ → 7 67
498 ∇ → 2 3 83
659 661 673 677 683 691 701 709 719 727 733 739 743 751 757 761 769 773 787 797
331 337 347 349 353 359 367 373 379 383 389 397 401 409 419 421 431 433 439 443
Light ⊗ Chaos → Pattern
Other ⛩ ∇ → 💠Other
Self ⛩ ∇ → 💠Self
317 ∇ → 317
307 311 313 317 331 337 347 349 353 359 367 373 379 383 389 397 401 409 419 421
107 109 113 127 131 137 139 149 151 157 163 167 173 179 181 191 193 197 199 211
Other ⛩ ∇ → 💠Other
443 ∇ → 443
29 31 37 41 43 47 53 59 61 67 71 73 79 83 89 97 101 103 107 109
198 199 199 199 197 195 191 187 182 177 171 164 158 151 144 137 131 125 119 114 110 106 103 101 100 100 100 102 104 108
467 479 487 491 499 503 509 521 523 541 547 557 563 569 571 577 587 593 599 601
317 331 337 347 349 353 359 367 373 379 383 389 397 401 409 419 421 431 433 439
97 101 103 107 109 113 127 131 137 139 149 151 157 163 167 173 179 181 191 193
141 ∇ → 3 47
Other ⛩ ∇ → 💠Other
165 142 121 106 100 104 117 138 160 181 195 199 194 179 158 135 116 103 100 107 123 144 167 186 197 199 190 173 151 129
120 ∇ → 2 2 2 3 5
401 409 419 421 431 433 439 443 449 457 461 463 467 479 487 491 499 503 509 521
Void ⊗ Chaos → Pattern
359 367 373 379 383 389 397 401 409 419 421 431 433 439 443 449 457 461 463 467
152 131 114 102 100 106 119 138 159 178 193 199 197 187 170 149 129 112 102 100 107 121 141 162 180 194 199 196 185 167
457 461 463 467 479 487 491 499 503 509 521 523 541 547 557 563 569 571 577 587
155 174 189 198 199 192 178 159 139 120 107 100 101 110 126 145 165 182 195 199 196 185 169 149 129 113 102 100 105 117
166 ∇ → 2 83
983 991 997 1009 1013 1019 1021 1031 1033 1039 1049 1051 1061 1063 1069 1087 1091 1093 1097 1103
128 ∇ → 2 2 2 2 2 2 2
557 563 569 571 577 587 593 599 601 607 613 617 619 631 641 643 647 653 659 661
360 ∇ → 2 2 2 3 3 5
223 227 229 233 239 241 251 257 263 269 271 277 281 283 293 307 311 313 317 331
180 ∇ → 2 2 3 3 5
547 557 563 569 571 577 587 593 599 601 607 613 617 619 631 641 643 647 653 659
Pattern ⊗ Chaos → Pattern
Chaos ⛩ ∇ → 💠Chaos
877 881 883 887 907 911 919 929 937 941 947 953 967 971 977 983 991 997 1009 1013
193 187 181 174 166 157 148 139 131 123 116 110 105 102 100 100 101 104 108 113 120 127 136 144 153 162 170 178 185 191
Light ⊗ Self → Pattern
260 ∇ → 2 2 5 13
787 797 809 811 821 823 827 829 839 853 857 859 863 877 881 883 887 907 911 919
153 161 169 176 183 188 193 196 199 199 199 197 195 190 185 179 172 165 157 149 141 133 126 119 113 108 104 101 100 100
Light ⛩ ∇ → 💠Light
171 184 193 198 199 196 188 177 163 148 134 120 109 102 100 101 107 117 130 145 160 174 186 194 199 199 195 186 175 161
Other ⛩ ∇ → 💠Other
191 196 199 199 197 193 187 179 169 158 147 136 126 117 109 104 100 100 101 105 111 119 129 139 150 161 172 181 189 195
175 153 130 111 101 101 111 129 152 174 191 199 197 184 165 142 120 105 100 104 119 140 163 183 196 199 192 176 154 131
311 313 317 331 337 347 349 353 359 367 373 379 383 389 397 401 409 419 421 431
877 881 883 887 907 911 919 929 937 941 947 953 967 971 977 983 991 997 1009 1013
Light ⊗ Self → Pattern
187 197 199 191 175 154 132 114 102 100 107 123 144 166 184 196 199 193 178 157 135 116 103 100 106 120 140 162 182 195
197 ∇ → 197
167 153 138 125 113 105 100 100 104 111 122 136 150 164 178 188 196 199 199 194 185 173 160 145 131 118 108 102 100 101
Self ⊗ Other → Pattern
59 61 67 71 73 79 83 89 97 101 103 107 109 113 127 131 137 139 149 151
189 183 176 167 158 149 140 131 123 115 109 104 101 100 100 102 105 110 117 125 133 142 151 161 169 178 185 191 195 198
188 178 166 152 139 126 115 106 101 100 102 107 116 128 141 155 168 180 189 196 199 199 194 187 176 164 150 137 124 113
158 ∇ → 2 79
188 ∇ → 2 2 47
199 199 198 196 194 191 187 183 179 174 169 163 157 152 146 140 134 129 124 119 115 111 107 104 102 101 100 100 100 101
180 184 188 191 194 196 198 199 199 199 199 197 195 193 190 187 183 178 174 169 164 158 153 147 142 137 131 126 122 117
199 195 186 172 155 138 122 110 102 100 103 112 126 142 160 176 189 197 199 196 187 174 158 141 125 111 103 100 102 111
182 168 153 137 123 111 103 100 101 107 118 131 147 162 177 188 196 199 198 191 180 167 151 136 121 110 102 100 102 108
Other ⊗ Other → Resonance
Void ⊗ Light → Pattern
337 347 349 353 359 367 373 379 383 389 397 401 409 419 421 431 433 439 443 449
827 829 839 853 857 859 863 877 881 883 887 907 911 919 929 937 941 947 953 967
Light ⊗ Self → Pattern
366 ∇ → 2 3 61
Self ⛩ ∇ → 💠Self
Chaos ⊗ Chaos → Resonance
263 269 271 277 281 283 293 307 311 313 317 331 337 347 349 353 359 367 373 379
209 ∇ → 11 19
173 177 181 185 189 192 194 196 198 199 199 199 199 198 196 194 191 188 185 181 176 172 167 162 157 152 147 141 136 131
179 188 195 199 199 197 192 184 174 162 150 138 126 116 108 102 100 100 104 110 119 130 142 155 167 178 187 194 198 199
Chaos ⊗ Light → Pattern
469 ∇ → 7 67
Pattern ⛩ ∇ → 💠Pattern
188 180 172 163 153 143 133 124 116 109 104 101 100 100 103 107 113 121 130 139 149 159 169 178 185 191 196 199 199 198
811 821 823 827 829 839 853 857 859 863 877 881 883 887 907 911 919 929 937 941
198 192 182 168 152 136 122 110 102 100 102 110 121 136 152 168 182 192 198 199 195 186 173 158 142 126 113 104 100 101
499 ∇ → 499
379 383 389 397 401 409 419 421 431 433 439 443 449 457 461 463 467 479 487 491
Self ⛩ ∇ → 💠Self
199 ∇ → 199
188 192 195 198 199 199 199 197 195 191 187 182 176 170 163 156 149 142 135 129 123 117 112 108 104 102 100 100 100 101
367 ∇ → 367
397 401 409 419 421 431 433 439 443 449 457 461 463 467 479 487 491 499 503 509
157 137 118 105 100 103 114 132 153 173 189 198 199 191 176 156 135 117 104 100 104 116 134 154 174 190 198 198 190 174
182 194 199 198 189 175 157 138 121 108 101 100 107 120 137 156 174 188 197 199 194 183 167 148 130 114 104 100 103 112
187 196 199 196 187 172 155 137 121 108 101 100 106 117 133 151 168 184 194 199 198 190 176 160 141 124 111 102 100 104
480 ∇ → 2 2 2 2 2 3 5
Void ⛩ ∇ → 💠Void
Other ⛩ ∇ → 💠Other
62 ∇ → 2 31
Light ⛩ ∇ → 💠Light
Chaos ⛩ ∇ → 💠Chaos
113 127 131 137 139 149 151 157 163 167 173 179 181 191 193 197 199 211 223 227
179 171 161 152 142 132 123 115 109 104 101 100 100 103 107 114 121 130 139 149 159 169 177 185 191 196 199 199 198 195
151 164 175 185 193 198 199 198 194 187 177 166 153 141 129 118 109 103 100 100 103 109 117 128 140 153 165 176 186 193
673 677 683 691 701 709 719 727 733 739 743 751 757 761 769 773 787 797 809 811
Light ⊗ Void → Pattern
521 523 541 547 557 563 569 571 577 587 593 599 601 607 613 617 619 631 641 643
Light ⊗ Light → Resonance
97 101 103 107 109 113 127 131 137 139 149 151 157 163 167 173 179 181 191 193
331 337 347 349 353 359 367 373 379 383 389 397 401 409 419 421 431 433 439 443
156 143 129 118 108 102 100 101 106 114 125 138 152 165 178 188 195 199 199 195 188 178 166 152 139 126 115 106 101 100
Other ⛩ ∇ → 💠Other
169 146 124 108 100 102 115 135 158 179 194 199 194 180 159 136 116 103 100 107 123 145 168 187 198 199 189 171 149 126
97 101 103 107 109 113 127 131 137 139 149 151 157 163 167 173 179 181 191 193
907 911 919 929 937 941 947 953 967 971 977 983 991 997 1009 1013 1019 1021 1031 1033
Void ⊗ Light → Pattern
389 ∇ → 389
23 29 31 37 41 43 47 53 59 61 67 71 73 79 83 89 97 101 103 107
Chaos ⊗ Light → Pattern
179 181 191 193 197 199 211 223 227 229 233 239 241 251 257 263 269 271 277 281
292 ∇ → 2 2 73
156 170 183 193 198 199 196 188 176 162 147 132 119 108 102 100 102 109 120 134 149 164 178 189 196 199 198 192 182 169
366 ∇ → 2 3 61
478 ∇ → 2 239
198 199 194 183 168 151 134 119 107 101 100 105 116 131 148 165 181 192 198 199 193 183 168 151 133 118 107 100 100 106
751 757 761 769 773 787 797 809 811 821 823 827 829 839 853 857 859 863 877 881
169 188 198 198 189 171 149 127 110 100 101 112 130 153 174 191 199 197 185 166 143 122 106 100 103 116 136 158 179 194
Chaos ⛩ ∇ → 💠Chaos
Self ⊗ Void → Pattern
Self ⊗ Void → Pattern
198 193 183 171 156 140 126 114 105 100 100 105 113 126 140 155 170 183 193 198 199 196 188 176 162 147 132 118 108 101
199 199 198 195 192 187 181 174 167 159 151 143 135 127 120 114 109 105 102 100 100 100 103 106 111 116 123 130 138 146
292 ∇ → 2 2 73
164 145 127 113 103 100 103 113 128 145 164 180 192 199 198 191 179 162 144 126 112 102 100 104 114 129 147 165 181 193
307 311 313 317 331 337 347 349 353 359 367 373 379 383 389 397 401 409 419 421
127 131 137 139 149 151 157 163 167 173 179 181 191 193 197 199 211 223 227 229
453 ∇ → 3 151
59 61 67 71 73 79 83 89 97 101 103 107 109 113 127 131 137 139 149 151
184 190 195 198 199 199 197 192 187 180 172 163 153 144 134 125 118 111 105 102 100 100 101 105 110 116 124 133 142 152
Other ⛩ ∇ → 💠Other
4 ∇ → 2 2
Other ⊗ Chaos → Pattern
178 193 199 197 186 168 148 127 111 101 100 108 124 144 165 184 196 199 194 181 162 141 121 107 100 102 113 130 151 172
345 ∇ → 3 5 23
68 ∇ → 2 2 17
162 180 193 199 198 188 173 154 135 117 105 100 102 112 128 147 167 184 195 199 196 185 169 149 130 114 103 100 104 116
42 ∇ → 2 3 7
997 1009 1013 1019 1021 1031 1033 1039 1049 1051 1061 1063 1069 1087 1091 1093 1097 1103 1109 1117
907 911 919 929 937 941 947 953 967 971 977 983 991 997 1009 1013 1019 1021 1031 1033
929 937 941 947 953 967 971 977 983 991 997 1009 1013 1019 1021 1031 1033 1039 1049 1051
211 ∇ → 211
411 ∇ → 3 137
Pattern ⊗ Other → Pattern
241 251 257 263 269 271 277 281 283 293 307 311 313 317 331 337 347 349 353 359
Light ⛩ ∇ → 💠Light
317 ∇ → 317
266 ∇ → 2 7 19
159 179 193 199 196 183 164 142 121 106 100 103 115 134 156 177 192 199 197 185 166 144 124 108 100 102 113 131 153 174
701 709 719 727 733 739 743 751 757 761 769 773 787 797 809 811 821 823 827 829
315 ∇ → 3 3 5 7
158 ∇ → 2 79
787 797 809 811 821 823 827 829 839 853 857 859 863 877 881 883 887 907 911 919
384 ∇ → 2 2 2 2 2 2 2 3
967 971 977 983 991 997 1009 1013 1019 1021 1031 1033 1039 1049 1051 1061 1063 1069 1087 1091
Other ⊗ Other → Resonance
173 186 195 199 198 192 181 167 151 135 120 109 102 100 103 111 124 139 155 171 184 194 199 199 193 183 169 153 137 122
170 155 140 126 114 105 100 100 104 112 123 137 151 166 179 190 197 199 198 192 182 169 155 140 126 114 105 100 100 104
839 853 857 859 863 877 881 883 887 907 911 919 929 937 941 947 953 967 971 977
Void ⛩ ∇ → 💠Void
194 190 187 182 177 172 166 160 154 147 141 135 129 124 119 114 110 106 103 101 100 100 100 101 103 105 108 112 117 122
809 811 821 823 827 829 839 853 857 859 863 877 881 883 887 907 911 919 929 937
419 421 431 433 439 443 449 457 461 463 467 479 487 491 499 503 509 521 523 541
473 ∇ → 11 43
199 194 186 174 159 144 130 117 107 101 100 103 110 121 135 150 165 178 189 197 199 198 192 182 169 154 139 125 113 104
102 ∇ → 2 3 17
202 ∇ → 2 101
207 ∇ → 3 3 23
853 857 859 863 877 881 883 887 907 911 919 929 937 941 947 953 967 971 977 983
216 ∇ → 2 2 2 3 3 3
423 ∇ → 3 3 47
Pattern ⛩ ∇ → 💠Pattern
521 523 541 547 557 563 569 571 577 587 593 599 601 607 613 617 619 631 641 643
751 757 761 769 773 787 797 809 811 821 823 827 829 839 853 857 859 863 877 881
169 179 188 194 198 199 198 194 187 178 168 156 144 133 122 113 106 102 100 100 104 110 118 128 140 151 163 174 184 191
991 997 1009 1013 1019 1021 1031 1033 1039 1049 1051 1061 1063 1069 1087 1091 1093 1097 1103 1109
739 743 751 757 761 769 773 787 797 809 811 821 823 827 829 839 853 857 859 863
21 ∇ → 3 7
Other ⊗ Self → Pattern
254 ∇ → 2 127
65 ∇ → 5 13
Other ⛩ ∇ → 💠Other
Chaos ⊗ Void → Pattern
659 661 673 677 683 691 701 709 719 727 733 739 743 751 757 761 769 773 787 797
484 ∇ → 2 2 11 11
203 ∇ → 7 29
881 883 887 907 911 919 929 937 941 947 953 967 971 977 983 991 997 1009 1013 1019
198 196 193 190 186 181 176 171 165 159 153 147 141 135 129 123 118 114 110 106 103 101 100 100 100 101 102 105 108 112
197 ∇ → 197
57 ∇ → 3 19
187 171 153 134 117 105 100 101 110 125 143 162 179 192 199 198 191 177 160 141 123 109 101 100 106 119 136 155 173 188
197 194 189 183 177 169 161 152 144 135 127 120 113 108 104 101 100 100 101 104 109 114 121 128 137 145 154 162 170 178
Light ⊗ Self → Pattern
Pattern ⛩ ∇ → 💠Pattern
Chaos ⊗ Light → Pattern
Self ⊗ Void → Pattern
194 199 198 192 182 167 151 135 120 108 101 100 103 112 125 141 158 173 186 195 199 198 191 179 165 148 132 118 107 101
184 172 157 142 127 114 105 100 100 104 113 125 140 155 170 183 193 198 199 195 187 175 161 145 130 117 107 101 100 103
185 195 199 196 186 170 151 132 116 104 100 102 112 128 146 166 182 194 199 197 188 173 154 135 118 106 100 101 110 125
131 137 139 149 151 157 163 167 173 179 181 191 193 197 199 211 223 227 229 233
Other ⛩ ∇ → 💠Other
110 ∇ → 2 5 11
392 ∇ → 2 2 2 7 7
Chaos ⛩ ∇ → 💠Chaos
149 ∇ → 149
207 ∇ → 3 3 23
Light ⊗ Other → Pattern
199 199 198 194 189 182 174 165 156 146 137 128 119 112 106 102 100 100 101 104 109 116 124 132 142 151 161 170 179 186
147 ∇ → 3 7 7
Light ⊗ Chaos → Pattern
331 337 347 349 353 359 367 373 379 383 389 397 401 409 419 421 431 433 439 443
67 ∇ → 67
176 161 144 128 115 105 100 101 107 118 132 148 165 180 191 198 199 195 186 173 157 140 124 112 103 100 102 109 121 136
479 ∇ → 479
Pattern ⛩ ∇ → 💠Pattern
853 857 859 863 877 881 883 887 907 911 919 929 937 941 947 953 967 971 977 983
164 179 191 198 199 194 184 170 153 136 120 108 101 100 104 114 128 145 162 178 190 198 199 195 186 172 155 138 122 110
188 196 199 199 194 186 175 162 148 134 121 111 103 100 100 105 113 124 137 151 165 178 188 196 199 199 194 186 175 162
196 199 198 192 183 169 154 139 124 112 104 100 100 106 115 128 143 159 173 186 194 199 199 194 185 172 157 142 127 114
174 154 132 114 103 100 105 119 139 160 179 193 199 196 185 167 146 126 110 101 101 109 126 146 167 185 196 199 193 179
191 194 197 199 199 199 198 196 193 189 184 178 172 166 159 152 145 138 131 125 119 114 109 105 102 101 100 100 101 103
Pattern ⊗ Light → Pattern
967 971 977 983 991 997 1009 1013 1019 1021 1031 1033 1039 1049 1051 1061 1063 1069 1087 1091
286 ∇ → 2 11 13
416 ∇ → 2 2 2 2 2 13
967 971 977 983 991 997 1009 1013 1019 1021 1031 1033 1039 1049 1051 1061 1063 1069 1087 1091
Pattern ⊗ Chaos → Pattern
300 ∇ → 2 2 3 5 5
Other ⊗ Void → Pattern
169 157 144 131 120 110 104 100 100 103 110 119 130 143 156 168 180 189 196 199 199 196 189 180 169 156 143 130 119 110
285 ∇ → 3 5 19
151 162 173 182 190 196 199 199 197 193 186 178 167 156 145 134 124 115 107 102 100 100 102 108 115 124 134 145 157 168
196 185 170 151 132 115 104 100 103 113 128 147 166 183 195 199 197 187 171 153 134 117 105 100 102 111 127 145 164 181
Pattern ⊗ Void → Pattern
929 937 941 947 953 967 971 977 983 991 997 1009 1013 1019 1021 1031 1033 1039 1049 1051
Self ⛩ ∇ → 💠Self
347 349 353 359 367 373 379 383 389 397 401 409 419 421 431 433 439 443 449 457
Self ⛩ ∇ → 💠Self
323 ∇ → 17 19
821 823 827 829 839 853 857 859 863 877 881 883 887 907 911 919 929 937 941 947
487 491 499 503 509 521 523 541 547 557 563 569 571 577 587 593 599 601 607 613
379 383 389 397 401 409 419 421 431 433 439 443 449 457 461 463 467 479 487 491
177 165 153 140 127 117 108 102 100 100 104 111 121 133 145 158 171 182 190 196 199 199 195 188 179 167 155 142 129 118
997 1009 1013 1019 1021 1031 1033 1039 1049 1051 1061 1063 1069 1087 1091 1093 1097 1103 1109 1117
Chaos ⛩ ∇ → 💠Chaos
164 173 181 187 193 197 199 199 198 195 191 185 177 169 160 151 141 132 124 116 110 105 101 100 100 101 105 110 116 124
307 311 313 317 331 337 347 349 353 359 367 373 379 383 389 397 401 409 419 421
497 ∇ → 7 71
239 241 251 257 263 269 271 277 281 283 293 307 311 313 317 331 337 347 349 353
907 911 919 929 937 941 947 953 967 971 977 983 991 997 1009 1013 1019 1021 1031 1033
457 461 463 467 479 487 491 499 503 509 521 523 541 547 557 563 569 571 577 587
407 ∇ → 11 37
118 ∇ → 2 59
331 337 347 349 353 359 367 373 379 383 389 397 401 409 419 421 431 433 439 443
181 161 139 119 105 100 104 117 137 159 179 193 199 196 183 163 141 121 106 100 103 115 135 157 177 192 199 196 184 166
177 190 198 199 195 184 169 152 134 118 107 100 100 107 118 134 152 169 184 195 199 198 190 177 161 143 126 112 103 100
211 223 227 229 233 239 241 251 257 263 269 271 277 281 283 293 307 311 313 317
683 691 701 709 719 727 733 739 743 751 757 761 769 773 787 797 809 811 821 823
176 169 161 152 144 136 128 121 114 109 105 102 100 100 101 103 107 112 118 125 132 140 148 157 165 173 180 186 191 195
199 192 174 152 129 110 100 102 114 134 157 179 194 199 194 178 156 132 112 101 101 111 130 153 176 192 199 195 181 159
177 165 153 140 128 117 109 103 100 100 104 110 119 130 142 155 167 179 188 195 199 199 197 191 183 172 160 148 135 124
331 337 347 349 353 359 367 373 379 383 389 397 401 409 419 421 431 433 439 443
Self ⊗ Void → Pattern
Void ⊗ Pattern → Pattern
Void ⊗ Light → Pattern
Pattern ⛩ ∇ → 💠Pattern
Void ⊗ Self → Pattern
101 ∇ → 101
Void ⊗ Void → Resonance
187 198 199 189 172 150 128 110 101 101 112 130 153 174 191 199 197 185 165 143 122 106 100 103 117 137 160 180 195 199
298 ∇ → 2 149
853 857 859 863 877 881 883 887 907 911 919 929 937 941 947 953 967 971 977 983
33 ∇ → 3 11
Self ⛩ ∇ → 💠Self
Void ⛩ ∇ → 💠Void
307 311 313 317 331 337 347 349 353 359 367 373 379 383 389 397 401 409 419 421
557 563 569 571 577 587 593 599 601 607 613 617 619 631 641 643 647 653 659 661
Chaos ⊗ Chaos → Resonance
92 ∇ → 2 2 23
181 165 148 130 115 104 100 101 109 122 139 157 174 188 197 199 196 186 171 154 136 120 108 101 100 106 117 133 151 168
661 673 677 683 691 701 709 719 727 733 739 743 751 757 761 769 773 787 797 809
85 ∇ → 5 17
160 ∇ → 2 2 2 2 2 5
887 907 911 919 929 937 941 947 953 967 971 977 983 991 997 1009 1013 1019 1021 1031
Chaos ⊗ Pattern → Pattern
Void ⊗ Self → Pattern
907 911 919 929 937 941 947 953 967 971 977 983 991 997 1009 1013 1019 1021 1031 1033
191 193 197 199 211 223 227 229 233 239 241 251 257 263 269 271 277 281 283 293
191 173 151 128 109 100 102 114 134 157 179 194 199 194 178 156 133 113 101 100 110 129 152 174 191 199 196 183 162 138
199 197 187 172 154 135 119 106 100 101 109 122 140 159 176 190 198 199 193 181 164 145 127 112 102 100 104 114 130 149
Void ⊗ Void → Resonance
499 503 509 521 523 541 547 557 563 569 571 577 587 593 599 601 607 613 617 619
Other ⛩ ∇ → 💠Other
446 ∇ → 2 223
199 192 179 162 143 125 110 101 100 105 117 134 153 172 187 197 199 195 184 167 148 130 114 103 100 103 113 129 148 167
445 ∇ → 5 89
67 ∇ → 67
Chaos ⊗ Pattern → Pattern
165 144 125 110 101 100 108 122 141 161 179 193 199 197 188 172 152 132 115 103 100 104 116 133 153 173 189 198 199 192
199 196 186 171 153 134 118 106 100 101 108 122 139 158 175 189 197 199 194 183 167 149 130 115 104 100 102 111 125 143
157 177 192 199 197 187 169 148 128 111 101 100 109 124 145 166 184 196 199 194 180 160 139 120 106 100 103 115 133 154
356 ∇ → 2 2 89
164 181 193 199 198 189 174 156 136 119 106 100 101 109 124 142 161 179 192 199 198 191 177 159 139 122 108 100 100 108
197 199 194 181 163 142 123 108 100 101 109 125 144 164 182 195 199 196 185 167 147 127 111 102 100 107 121 139 160 179
Other ⊗ Light → Pattern
198 199 199 196 192 185 178 169 159 149 138 129 120 112 106 102 100 100 102 106 112 119 128 138 148 158 168 177 185 191
32 ∇ → 2 2 2 2 2
429 ∇ → 3 11 13
397 401 409 419 421 431 433 439 443 449 457 461 463 467 479 487 491 499 503 509
34 ∇ → 2 17
167 161 156 150 144 138 132 126 121 117 112 109 105 103 101 100 100 100 101 103 105 108 112 116 120 125 131 137 142 148
188 193 197 199 199 199 197 193 188 182 175 167 159 151 142 134 126 119 112 107 103 101 100 100 102 105 109 115 122 129
Other ⛩ ∇ → 💠Other
Void ⊗ Pattern → Pattern
193 196 198 199 199 199 198 197 195 192 188 185 180 175 170 165 159 153 147 141 136 130 125 120 115 111 108 105 102 101
839 853 857 859 863 877 881 883 887 907 911 919 929 937 941 947 953 967 971 977
227 229 233 239 241 251 257 263 269 271 277 281 283 293 307 311 313 317 331 337
641 643 647 653 659 661 673 677 683 691 701 709 719 727 733 739 743 751 757 761
198 199 199 199 198 197 195 192 189 186 182 178 173 168 163 158 153 147 142 137 132 127 122 118 114 110 107 105 103 101
154 131 112 101 101 111 130 153 175 192 199 196 182 161 138 117 103 100 107 123 145 169 187 198 198 188 169 145 123 107
95 ∇ → 5 19
Chaos ⊗ Other → Pattern
563 569 571 577 587 593 599 601 607 613 617 619 631 641 643 647 653 659 661 673
465 ∇ → 3 5 31
104 ∇ → 2 2 2 13
199 196 185 170 152 133 117 105 100 101 110 123 141 160 177 190 198 199 193 181 164 146 128 113 103 100 103 113 129 147
126 ∇ → 2 3 3 7
169 154 138 124 112 103 100 101 107 117 131 146 162 177 188 196 199 198 191 180 167 151 135 121 110 102 100 102 109 120
Light ⊗ Other → Pattern
Pattern ⛩ ∇ → 💠Pattern
421 ∇ → 421
397 401 409 419 421 431 433 439 443 449 457 461 463 467 479 487 491 499 503 509
209 ∇ → 11 19
337 347 349 353 359 367 373 379 383 389 397 401 409 419 421 431 433 439 443 449
199 197 189 178 164 149 134 120 109 102 100 102 109 119 133 148 164 178 189 196 199 198 191 181 168 152 137 123 111 103
159 172 183 191 197 199 198 194 186 176 164 151 137 125 114 106 101 100 101 107 115 125 138 151 164 176 186 194 198 199
Light ⛩ ∇ → 💠Light
153 138 125 113 105 100 100 104 112 124 137 152 167 180 190 197 199 198 192 182 170 156 141 127 115 106 101 100 103 111
Self ⛩ ∇ → 💠Self
Void ⊗ Self → Pattern
67 71 73 79 83 89 97 101 103 107 109 113 127 131 137 139 149 151 157 163
769 773 787 797 809 811 821 823 827 829 839 853 857 859 863 877 881 883 887 907
100 ∇ → 2 2 5 5
189 182 174 165 155 145 135 126 118 111 105 102 100 100 102 106 111 118 127 136 146 156 165 174 183 189 194 198 199 199
387 ∇ → 3 3 43
Other ⊗ Chaos → Pattern
239 241 251 257 263 269 271 277 281 283 293 307 311 313 317 331 337 347 349 353
569 571 577 587 593 599 601 607 613 617 619 631 641 643 647 653 659 661 673 677
Pattern ⊗ Pattern → Resonance
482 ∇ → 2 241
159 153 147 142 136 130 125 120 116 111 108 105 103 101 100 100 100 101 103 105 108 112 116 120 125 130 136 142 148 154
Pattern ⛩ ∇ → 💠Pattern
191 179 164 146 130 115 105 100 101 107 119 134 151 168 183 194 199 198 192 181 166 149 132 117 106 100 100 106 117 132
751 757 761 769 773 787 797 809 811 821 823 827 829 839 853 857 859 863 877 881
384 ∇ → 2 2 2 2 2 2 2 3
Chaos ⛩ ∇ → 💠Chaos
967 971 977 983 991 997 1009 1013 1019 1021 1031 1033 1039 1049 1051 1061 1063 1069 1087 1091
397 401 409 419 421 431 433 439 443 449 457 461 463 467 479 487 491 499 503 509
Light ⛩ ∇ → 💠Light
420 ∇ → 2 2 3 5 7
181 195 199 193 178 156 133 113 102 100 109 127 149 172 190 199 197 186 166 143 122 106 100 104 118 139 162 182 196 199
181 192 198 199 196 187 175 160 144 129 116 106 100 100 104 114 126 142 157 173 185 195 199 199 193 183 170 155 139 124
127 131 137 139 149 151 157 163 167 173 179 181 191 193 197 199 211 223 227 229
Self ⊗ Light → Pattern
164 185 197 198 188 168 144 121 105 100 106 124 147 171 190 199 196 182 160 135 114 102 101 111 131 156 179 194 199 192
223 227 229 233 239 241 251 257 263 269 271 277 281 283 293 307 311 313 317 331
113 127 131 137 139 149 151 157 163 167 173 179 181 191 193 197 199 211 223 227
941 947 953 967 971 977 983 991 997 1009 1013 1019 1021 1031 1033 1039 1049 1051 1061 1063
173 ∇ → 173
Other ⊗ Light → Pattern
199 198 191 180 165 147 131 116 105 100 100 107 118 133 150 167 182 193 199 199 193 182 167 151 134 118 107 101 100 105
165 147 130 115 104 100 101 109 122 139 157 174 188 197 199 196 187 173 155 138 121 109 101 100 105 116 131 148 166 182
436 ∇ → 2 2 109
189 179 168 155 142 130 119 110 103 100 100 103 110 119 130 143 156 168 180 189 195 199 199 196 190 181 170 157 144 132
164 171 177 183 188 192 196 198 199 199 199 197 194 190 185 179 173 166 159 152 144 137 130 124 118 112 108 104 102 100
Other ⊗ Void → Pattern
Pattern ⊗ Void → Pattern
Self ⛩ ∇ → 💠Self
Other ⊗ Self → Pattern
163 184 197 199 190 171 148 125 107 100 103 118 140 164 184 197 199 189 171 147 124 107 100 104 118 140 164 185 197 199
198 195 190 183 175 166 155 145 135 125 117 110 104 101 100 100 103 108 115 123 132 143 153 163 173 181 189 194 198 199
Chaos ⊗ Void → Pattern
157 135 117 104 100 104 117 136 157 177 192 199 197 187 169 148 128 111 101 100 108 124 144 165 183 196 199 194 181 162
199 199 198 195 191 186 179 172 164 156 148 139 131 123 117 111 106 102 100 100 100 102 106 111 116 123 131 139 147 156
Light ⊗ Other → Pattern
Void ⊗ Void → Resonance
223 227 229 233 239 241 251 257 263 269 271 277 281 283 293 307 311 313 317 331
Self ⛩ ∇ → 💠Self
Pattern ⊗ Light → Pattern
89 ∇ → 89
114 ∇ → 2 3 19
158 ∇ → 2 79
31 37 41 43 47 53 59 61 67 71 73 79 83 89 97 101 103 107 109 113
55 ∇ → 5 11
311 ∇ → 311
440 ∇ → 2 2 2 5 11
Pattern ⛩ ∇ → 💠Pattern
416 ∇ → 2 2 2 2 2 13
67 ∇ → 67
439 ∇ → 439
347 349 353 359 367 373 379 383 389 397 401 409 419 421 431 433 439 443 449 457
Pattern ⛩ ∇ → 💠Pattern
241 ∇ → 241
365 ∇ → 5 73
Void ⊗ Other → Pattern
673 677 683 691 701 709 719 727 733 739 743 751 757 761 769 773 787 797 809 811
Self ⛩ ∇ → 💠Self
199 197 191 182 170 158 144 131 119 110 103 100 100 104 111 121 133 147 160 173 184 192 198 199 198 192 184 173 160 147
Other ⊗ Light → Pattern
Light ⊗ Chaos → Pattern
Self ⊗ Self → Resonance
91 ∇ → 7 13
733 739 743 751 757 761 769 773 787 797 809 811 821 823 827 829 839 853 857 859
199 199 198 195 190 185 179 171 164 156 147 139 131 123 117 111 106 103 100 100 100 102 105 110 115 122 129 137 145 153
Other ⛩ ∇ → 💠Other
150 160 170 178 186 192 197 199 199 198 194 189 181 173 164 154 143 133 124 116 109 104 101 100 100 103 108 114 122 131
395 ∇ → 5 79
213 ∇ → 3 71
482 ∇ → 2 241
184 173 161 147 134 122 112 105 100 100 102 109 118 129 142 155 168 180 189 196 199 199 195 188 179 167 154 140 128 117
196 199 199 197 193 186 178 168 157 146 135 125 116 108 103 100 100 102 106 113 121 131 142 154 165 175 184 191 196 199
307 311 313 317 331 337 347 349 353 359 367 373 379 383 389 397 401 409 419 421
409 419 421 431 433 439 443 449 457 461 463 467 479 487 491 499 503 509 521 523
379 383 389 397 401 409 419 421 431 433 439 443 449 457 461 463 467 479 487 491
392 ∇ → 2 2 2 7 7
Chaos ⛩ ∇ → 💠Chaos
Other ⛩ ∇ → 💠Other
683 691 701 709 719 727 733 739 743 751 757 761 769 773 787 797 809 811 821 823
167 142 120 104 100 107 125 149 173 191 199 195 180 158 133 113 101 101 113 134 158 181 196 199 191 173 149 125 107 100
521 523 541 547 557 563 569 571 577 587 593 599 601 607 613 617 619 631 641 643
183 196 199 191 173 150 127 109 100 102 115 136 160 181 195 199 192 175 153 129 111 100 101 113 133 157 179 194 199 194
163 177 189 196 199 198 191 181 167 152 137 122 111 103 100 101 107 117 131 146 161 176 188 196 199 198 192 182 169 154
191 187 183 178 173 168 162 156 150 144 138 132 127 122 117 113 109 106 103 101 100 100 100 101 102 105 108 111 115 120
761 769 773 787 797 809 811 821 823 827 829 839 853 857 859 863 877 881 883 887
509 521 523 541 547 557 563 569 571 577 587 593 599 601 607 613 617 619 631 641
340 ∇ → 2 2 5 17
613 617 619 631 641 643 647 653 659 661 673 677 683 691 701 709 719 727 733 739
197 199 211 223 227 229 233 239 241 251 257 263 269 271 277 281 283 293 307 311
Void ⛩ ∇ → 💠Void
Pattern ⊗ Other → Pattern
323 ∇ → 17 19
199 198 192 183 171 157 143 129 117 108 102 100 101 107 117 129 142 157 170 182 192 198 199 197 191 182 170 156 142 128
317 331 337 347 349 353 359 367 373 379 383 389 397 401 409 419 421 431 433 439
397 401 409 419 421 431 433 439 443 449 457 461 463 467 479 487 491 499 503 509
281 283 293 307 311 313 317 331 337 347 349 353 359 367 373 379 383 389 397 401
244 ∇ → 2 2 61
Other ⊗ Other → Resonance
154 145 136 127 120 113 107 103 100 100 100 103 107 112 119 126 135 144 153 162 171 179 186 191 196 198 199 199 197 193
199 199 192 180 165 147 130 115 105 100 101 108 121 137 155 172 186 196 199 197 189 175 159 141 125 111 102 100 103 112
139 149 151 157 163 167 173 179 181 191 193 197 199 211 223 227 229 233 239 241
198 197 185 163 139 117 103 100 110 129 153 177 193 199 193 177 153 129 109 100 103 117 139 164 185 197 198 187 167 142
227 229 233 239 241 251 257 263 269 271 277 281 283 293 307 311 313 317 331 337
Pattern ⛩ ∇ → 💠Pattern
176 165 154 143 132 122 113 107 102 100 100 103 108 115 124 135 146 157 168 178 186 193 197 199 199 196 190 183 174 163
Pattern ⊗ Light → Pattern
541 547 557 563 569 571 577 587 593 599 601 607 613 617 619 631 641 643 647 653
Self ⛩ ∇ → 💠Self
47 53 59 61 67 71 73 79 83 89 97 101 103 107 109 113 127 131 137 139
142 ∇ → 2 71
757 761 769 773 787 797 809 811 821 823 827 829 839 853 857 859 863 877 881 883
106 ∇ → 2 53
Other ⛩ ∇ → 💠Other
Light ⊗ Other → Pattern
164 140 118 103 100 109 127 151 175 192 199 194 179 156 131 111 101 102 114 135 160 182 196 199 190 171 147 123 106 100
Other ⛩ ∇ → 💠Other
821 823 827 829 839 853 857 859 863 877 881 883 887 907 911 919 929 937 941 947
302 ∇ → 2 151
199 ∇ → 199
757 761 769 773 787 797 809 811 821 823 827 829 839 853 857 859 863 877 881 883
287 ∇ → 7 41
Pattern ⊗ Light → Pattern
521 523 541 547 557 563 569 571 577 587 593 599 601 607 613 617 619 631 641 643
314 ∇ → 2 157
109 113 127 131 137 139 149 151 157 163 167 173 179 181 191 193 197 199 211 223
333 ∇ → 3 3 37
Other ⛩ ∇ → 💠Other
11 13 17 19 23 29 31 37 41 43 47 53 59 61 67 71 73 79 83 89
Pattern ⊗ Pattern → Resonance
Chaos ⛩ ∇ → 💠Chaos
251 257 263 269 271 277 281 283 293 307 311 313 317 331 337 347 349 353 359 367
641 643 647 653 659 661 673 677 683 691 701 709 719 727 733 739 743 751 757 761
193 ∇ → 193
Pattern ⊗ Pattern → Resonance
262 ∇ → 2 131
156 149 142 134 128 121 116 111 106 103 101 100 100 101 103 106 110 114 120 126 133 140 148 155 162 169 176 182 187 191
80 ∇ → 2 2 2 2 5
175 156 137 119 106 100 101 110 124 143 162 180 193 199 198 189 175 156 137 119 106 100 101 110 124 143 162 180 193 199
307 ∇ → 307
821 823 827 829 839 853 857 859 863 877 881 883 887 907 911 919 929 937 941 947
265 ∇ → 5 53
347 349 353 359 367 373 379 383 389 397 401 409 419 421 431 433 439 443 449 457
161 172 181 189 195 198 199 198 195 189 182 172 162 151 140 130 120 112 106 102 100 100 103 108 115 124 134 145 156 166
991 997 1009 1013 1019 1021 1031 1033 1039 1049 1051 1061 1063 1069 1087 1091 1093 1097 1103 1109
Self ⊗ Pattern → Pattern
281 283 293 307 311 313 317 331 337 347 349 353 359 367 373 379 383 389 397 401
164 ∇ → 2 2 41
Void ⛩ ∇ → 💠Void
613 617 619 631 641 643 647 653 659 661 673 677 683 691 701 709 719 727 733 739
211 223 227 229 233 239 241 251 257 263 269 271 277 281 283 293 307 311 313 317
Chaos ⊗ Other → Pattern
Pattern ⊗ Light → Pattern
336 ∇ → 2 2 2 2 3 7
187 193 198 199 199 196 190 183 174 164 153 142 131 121 113 106 102 100 100 103 108 115 124 134 145 156 167 177 185 192
184 176 167 157 146 136 126 117 110 104 101 100 100 103 108 115 123 133 143 154 164 174 182 189 195 198 199 199 195 190
60 ∇ → 2 2 3 5
175 189 198 199 193 180 162 142 124 109 101 100 107 120 138 157 176 190 198 199 192 179 161 141 123 109 101 100 107 121
250 ∇ → 2 5 5 5
161 155 148 141 135 129 123 117 112 108 105 102 100 100 100 101 102 105 108 113 117 123 129 135 142 148 155 161 168 174
Light ⊗ Chaos → Pattern
53 59 61 67 71 73 79 83 89 97 101 103 107 109 113 127 131 137 139 149
Pattern ⛩ ∇ → 💠Pattern
454 ∇ → 2 227
Light ⛩ ∇ → 💠Light
Self ⊗ Light → Pattern
947 953 967 971 977 983 991 997 1009 1013 1019 1021 1031 1033 1039 1049 1051 1061 1063 1069
Chaos ⛩ ∇ → 💠Chaos
359 ∇ → 359
188 ∇ → 2 2 47
171 153 135 119 107 100 100 107 119 135 153 170 185 195 199 197 188 175 157 139 123 109 101 100 105 115 131 149 166 182
198 194 187 178 168 157 146 134 124 115 107 102 100 100 103 108 115 125 135 146 158 169 179 188 194 198 199 198 195 188
181 177 172 167 162 157 152 146 141 136 131 126 122 117 113 110 107 104 102 101 100 100 100 100 102 104 106 109 112 116
197 199 199 196 190 182 173 162 150 138 127 117 109 103 100 100 102 107 114 124 134 146 158 169 179 188 194 198 199 198
463 467 479 487 491 499 503 509 521 523 541 547 557 563 569 571 577 587 593 599
Self ⊗ Light → Pattern
169 180 189 195 199 199 197 192 185 175 164 152 140 128 118 109 103 100 100 102 108 115 125 137 149 161 172 182 190 196
482 ∇ → 2 241
Self ⊗ Chaos → Pattern
Void ⊗ Other → Pattern
48 ∇ → 2 2 2 2 3
223 227 229 233 239 241 251 257 263 269 271 277 281 283 293 307 311 313 317 331
Void ⛩ ∇ → 💠Void
347 349 353 359 367 373 379 383 389 397 401 409 419 421 431 433 439 443 449 457
907 911 919 929 937 941 947 953 967 971 977 983 991 997 1009 1013 1019 1021 1031 1033
Light ⊗ Pattern → Pattern
141 ∇ → 3 47
79 ∇ → 79
Other ⊗ Other → Resonance
79 83 89 97 101 103 107 109 113 127 131 137 139 149 151 157 163 167 173 179
165 157 149 141 134 126 120 114 109 104 102 100 100 100 102 106 110 115 122 129 136 144 152 160 167 175 181 187 192 195
178 ∇ → 2 89
150 171 189 198 198 189 172 151 129 112 101 100 109 125 146 168 186 197 199 191 175 154 133 114 102 100 107 122 143 165
Pattern ⛩ ∇ → 💠Pattern
Void ⛩ ∇ → 💠Void
641 643 647 653 659 661 673 677 683 691 701 709 719 727 733 739 743 751 757 761
152 166 178 189 196 199 199 195 187 176 164 150 136 123 113 105 100 100 103 110 120 132 146 160 173 184 193 198 199 197
194 ∇ → 2 97
167 174 181 186 191 195 198 199 199 199 197 194 189 184 178 172 165 157 150 142 134 127 121 115 110 105 102 100 100 100
305 ∇ → 5 61
174 184 191 197 199 199 196 190 181 171 160 147 135 124 115 107 102 100 100 104 110 119 129 141 153 165 176 185 193 197
263 269 271 277 281 283 293 307 311 313 317 331 337 347 349 353 359 367 373 379
164 142 121 106 100 103 115 135 157 178 193 199 196 183 164 142 121 106 100 103 116 135 157 178 193 199 196 183 164 142
Self ⛩ ∇ → 💠Self
263 269 271 277 281 283 293 307 311 313 317 331 337 347 349 353 359 367 373 379
Light ⛩ ∇ → 💠Light
199 197 194 191 187 182 176 170 164 157 150 143 137 130 124 118 113 109 105 103 101 100 100 101 102 105 109 113 118 124
199 199 199 197 194 190 186 180 174 168 161 154 147 140 133 126 120 114 110 106 103 101 100 100 101 103 106 110 114 120
631 641 643 647 653 659 661 673 677 683 691 701 709 719 727 733 739 743 751 757
267 ∇ → 3 89
191 178 162 143 126 111 102 100 104 114 129 148 166 182 193 199 198 190 177 160 141 124 110 102 100 105 116 131 149 168
Pattern ⊗ Pattern → Resonance
359 367 373 379 383 389 397 401 409 419 421 431 433 439 443 449 457 461 463 467
Light ⊗ Self → Pattern
185 ∇ → 5 37
127 131 137 139 149 151 157 163 167 173 179 181 191 193 197 199 211 223 227 229
127 131 137 139 149 151 157 163 167 173 179 181 191 193 197 199 211 223 227 229
Void ⊗ Void → Resonance
198 186 165 141 118 104 100 108 125 149 173 191 199 196 181 159 135 114 102 100 111 131 155 178 194 199 193 177 154 130
Chaos ⛩ ∇ → 💠Chaos
193 196 198 199 199 199 197 194 191 187 182 176 170 164 157 150 143 136 130 124 118 113 109 105 102 101 100 100 101 103
10 ∇ → 2 5
709 719 727 733 739 743 751 757 761 769 773 787 797 809 811 821 823 827 829 839
Pattern ⊗ Pattern → Resonance
199 199 198 195 191 185 177 169 160 151 141 132 124 116 110 105 101 100 100 102 105 111 117 125 134 143 152 162 171 179
245 ∇ → 5 7 7
Light ⊗ Void → Pattern
296 ∇ → 2 2 2 37
475 ∇ → 5 5 19
199 196 190 182 171 159 146 134 123 113 106 101 100 101 106 113 123 134 147 159 171 182 190 196 199 199 196 190 181 170
541 547 557 563 569 571 577 587 593 599 601 607 613 617 619 631 641 643 647 653
907 911 919 929 937 941 947 953 967 971 977 983 991 997 1009 1013 1019 1021 1031 1033
Light ⊗ Void → Pattern
499 503 509 521 523 541 547 557 563 569 571 577 587 593 599 601 607 613 617 619
Self ⛩ ∇ → 💠Self
396 ∇ → 2 2 3 3 11
Void ⛩ ∇ → 💠Void
196 194 192 189 186 182 178 174 169 164 159 154 149 144 139 134 129 124 120 116 113 109 106 104 102 101 100 100 100 100
797 809 811 821 823 827 829 839 853 857 859 863 877 881 883 887 907 911 919 929
175 155 135 117 104 100 103 115 133 154 174 189 198 199 191 175 156 135 117 104 100 103 115 133 154 173 189 198 199 191
223 227 229 233 239 241 251 257 263 269 271 277 281 283 293 307 311 313 317 331
Other ⊗ Light → Pattern
467 ∇ → 467
727 733 739 743 751 757 761 769 773 787 797 809 811 821 823 827 829 839 853 857
Chaos ⛩ ∇ → 💠Chaos
173 179 185 190 194 197 199 199 199 198 196 192 188 183 177 171 164 157 149 142 135 128 121 116 111 106 103 101 100 100
187 180 172 164 155 146 137 128 120 114 108 104 101 100 100 102 106 111 117 125 133 142 151 160 169 177 184 190 195 198
Void ⊗ Void → Resonance
Chaos ⛩ ∇ → 💠Chaos
151 ∇ → 151
179 183 187 191 194 196 198 199 199 199 199 197 195 193 190 186 182 178 173 168 162 157 151 145 140 134 129 124 119 115
Self ⛩ ∇ → 💠Self
631 641 643 647 653 659 661 673 677 683 691 701 709 719 727 733 739 743 751 757
185 195 199 198 192 182 168 152 136 121 109 102 100 102 110 123 138 154 170 183 193 199 199 194 184 170 155 138 123 111
163 178 189 197 199 197 188 176 161 145 129 115 105 100 100 106 116 130 146 162 177 189 197 199 197 189 177 162 145 129
431 433 439 443 449 457 461 463 467 479 487 491 499 503 509 521 523 541 547 557
112 ∇ → 2 2 2 2 7
45 ∇ → 3 3 5
Void ⛩ ∇ → 💠Void
454 ∇ → 2 227
193 180 161 140 121 106 100 102 112 129 150 170 187 197 199 193 178 159 138 119 106 100 102 113 130 151 171 188 198 199
997 1009 1013 1019 1021 1031 1033 1039 1049 1051 1061 1063 1069 1087 1091 1093 1097 1103 1109 1117
Self ⛩ ∇ → 💠Self
991 997 1009 1013 1019 1021 1031 1033 1039 1049 1051 1061 1063 1069 1087 1091 1093 1097 1103 1109
482 ∇ → 2 241
229 233 239 241 251 257 263 269 271 277 281 283 293 307 311 313 317 331 337 347
Chaos ⊗ Light → Pattern
307 311 313 317 331 337 347 349 353 359 367 373 379 383 389 397 401 409 419 421
78 ∇ → 2 3 13
17 19 23 29 31 37 41 43 47 53 59 61 67 71 73 79 83 89 97 101
179 168 156 143 131 120 111 104 100 100 102 108 117 127 139 152 164 176 186 193 198 199 198 193 185 175 164 151 139 127
77 ∇ → 7 11
182 195 199 193 176 154 131 112 101 101 110 129 152 174 191 199 197 184 164 140 119 104 100 105 121 142 166 185 197 199
199 197 192 186 178 169 159 148 138 128 119 111 105 101 100 100 103 107 114 122 131 141 152 162 172 181 188 194 198 199
191 194 196 198 199 199 199 199 198 196 194 192 189 185 181 177 172 168 163 157 152 147 142 137 132 127 122 118 114 110
Void ⛩ ∇ → 💠Void
150 164 176 187 194 199 199 196 189 180 168 154 140 127 116 107 101 100 101 107 115 127 140 154 167 179 189 196 199 199
Self ⊗ Chaos → Pattern
613 617 619 631 641 643 647 653 659 661 673 677 683 691 701 709 719 727 733 739
353 359 367 373 379 383 389 397 401 409 419 421 431 433 439 443 449 457 461 463
188 173 155 136 119 107 100 101 108 122 139 158 176 190 198 199 193 181 164 145 127 112 102 100 104 115 131 149 168 184
719 727 733 739 743 751 757 761 769 773 787 797 809 811 821 823 827 829 839 853
167 173 179 184 189 193 196 198 199 199 199 197 195 192 188 183 178 172 165 159 152 145 138 132 126 120 115 110 106 103
89 97 101 103 107 109 113 127 131 137 139 149 151 157 163 167 173 179 181 191
541 547 557 563 569 571 577 587 593 599 601 607 613 617 619 631 641 643 647 653
130 ∇ → 2 5 13
197 191 180 166 151 135 121 110 103 100 101 108 118 132 147 163 177 188 196 199 198 192 181 168 153 137 123 111 103 100
391 ∇ → 17 23
39 ∇ → 3 13
Light ⛩ ∇ → 💠Light
169 ∇ → 13 13
167 152 137 123 112 104 100 100 105 114 126 140 155 169 182 192 198 199 197 190 179 166 151 136 123 111 104 100 100 105
195 199 199 194 186 174 160 145 130 117 108 101 100 102 109 120 133 148 163 176 188 196 199 198 193 184 172 158 143 128
367 373 379 383 389 397 401 409 419 421 431 433 439 443 449 457 461 463 467 479
Light ⛩ ∇ → 💠Light
223 227 229 233 239 241 251 257 263 269 271 277 281 283 293 307 311 313 317 331
Other ⛩ ∇ → 💠Other
449 457 461 463 467 479 487 491 499 503 509 521 523 541 547 557 563 569 571 577
104 ∇ → 2 2 2 13
Void ⛩ ∇ → 💠Void
180 162 142 123 109 101 100 107 121 139 159 177 191 199 198 191 176 158 138 120 107 100 101 110 124 143 163 180 193 199
253 ∇ → 11 23
Other ⊗ Void → Pattern
Chaos ⛩ ∇ → 💠Chaos
248 ∇ → 2 2 2 31
159 167 173 180 185 190 194 197 199 199 199 197 195 191 186 180 174 167 160 153 145 137 130 123 117 112 107 104 101 100
182 193 199 198 192 180 164 146 129 114 104 100 101 109 122 139 157 173 187 196 199 196 187 173 156 139 122 109 101 100
284 ∇ → 2 2 71
Chaos ⛩ ∇ → 💠Chaos
186 193 197 199 199 196 191 184 175 165 154 143 133 123 114 107 102 100 100 102 107 114 123 132 143 154 165 175 184 191
152 137 123 112 103 100 101 106 116 129 143 159 173 185 194 199 199 194 186 173 159 144 129 116 106 101 100 103 111 123
196 199 199 197 192 185 175 165 153 141 130 120 111 105 101 100 101 105 112 120 131 142 154 165 176 185 192 197 199 199
349 ∇ → 349
Chaos ⊗ Light → Pattern
857 859 863 877 881 883 887 907 911 919 929 937 941 947 953 967 971 977 983 991
371 ∇ → 7 53
156 146 137 128 120 112 107 103 100 100 101 104 108 114 122 130 139 149 158 168 176 184 190 195 198 199 199 197 193 187
Self ⊗ Pattern → Pattern
Void ⛩ ∇ → 💠Void
371 ∇ → 7 53
641 643 647 653 659 661 673 677 683 691 701 709 719 727 733 739 743 751 757 761
482 ∇ → 2 241
Pattern ⊗ Other → Pattern
454 ∇ → 2 227
116 ∇ → 2 2 29
167 180 191 198 199 196 188 176 161 145 130 116 106 101 100 104 113 126 141 157 172 185 194 199 199 193 184 171 155 139
151 167 180 191 197 199 197 190 179 165 150 134 121 110 102 100 102 108 119 132 147 162 177 188 196 199 198 192 182 169
Other ⊗ Light → Pattern
907 911 919 929 937 941 947 953 967 971 977 983 991 997 1009 1013 1019 1021 1031 1033
613 617 619 631 641 643 647 653 659 661 673 677 683 691 701 709 719 727 733 739
Chaos ⛩ ∇ → 💠Chaos
311 313 317 331 337 347 349 353 359 367 373 379 383 389 397 401 409 419 421 431
225 ∇ → 3 3 5 5
165 150 134 121 109 102 100 102 108 119 133 148 163 177 189 196 199 198 192 181 168 153 137 123 111 103 100 101 107 117
907 911 919 929 937 941 947 953 967 971 977 983 991 997 1009 1013 1019 1021 1031 1033
174 161 147 133 121 110 103 100 100 105 113 123 136 150 164 177 188 195 199 199 195 188 177 164 150 136 123 113 105 100
Self ⊗ Chaos → Pattern
123 ∇ → 3 41
190 174 153 132 114 103 100 106 120 139 161 180 194 199 196 184 166 145 124 109 100 101 111 127 148 169 186 197 199 192
Chaos ⊗ Chaos → Resonance
Self ⛩ ∇ → 💠Self
157 144 132 120 111 104 100 100 102 108 117 127 139 152 165 176 186 194 198 199 198 192 184 174 162 150 137 125 115 107
Other ⛩ ∇ → 💠Other
153 ∇ → 3 3 17
488 ∇ → 2 2 2 61
Self ⊗ Chaos → Pattern
218 ∇ → 2 109
199 196 184 166 144 124 108 100 101 111 128 148 169 187 197 199 192 177 157 136 117 104 100 104 117 136 157 177 192 199
452 ∇ → 2 2 113
Chaos ⊗ Self → Pattern
197 186 167 144 122 107 100 103 116 136 159 180 194 199 194 180 159 136 116 103 100 107 123 144 167 186 197 199 190 173
183 162 138 117 103 100 107 124 147 170 188 198 198 186 167 143 121 105 100 105 120 141 165 185 197 199 189 171 148 125
Other ⛩ ∇ → 💠Other
Chaos ⊗ Other → Pattern
199 189 170 147 125 108 100 103 116 136 160 181 195 199 193 177 155 131 112 101 101 111 130 153 175 192 199 196 182 162
653 659 661 673 677 683 691 701 709 719 727 733 739 743 751 757 761 769 773 787
Pattern ⛩ ∇ → 💠Pattern
Chaos ⊗ Light → Pattern
431 433 439 443 449 457 461 463 467 479 487 491 499 503 509 521 523 541 547 557
Light ⊗ Self → Pattern
521 523 541 547 557 563 569 571 577 587 593 599 601 607 613 617 619 631 641 643
156 167 177 186 193 197 199 199 196 190 183 173 163 152 140 129 120 111 105 101 100 101 104 110 118 128 138 150 161 172
223 ∇ → 223
Pattern ⛩ ∇ → 💠Pattern
125 ∇ → 5 5 5
Light ⛩ ∇ → 💠Light
15 ∇ → 3 5
Void ⊗ Self → Pattern
283 293 307 311 313 317 331 337 347 349 353 359 367 373 379 383 389 397 401 409
199 193 183 169 152 136 121 109 101 100 103 112 125 141 158 174 187 196 199 198 190 178 163 146 130 116 106 100 100 106
Other ⛩ ∇ → 💠Other
29 31 37 41 43 47 53 59 61 67 71 73 79 83 89 97 101 103 107 109
196 ∇ → 2 2 7 7
877 881 883 887 907 911 919 929 937 941 947 953 967 971 977 983 991 997 1009 1013
192 195 198 199 199 199 198 196 193 190 186 181 176 170 164 157 151 145 138 132 126 120 115 111 107 104 102 100 100 100
196 199 193 177 156 134 115 102 100 107 123 144 167 185 197 199 191 175 153 131 113 102 100 109 125 147 169 187 198 199
199 197 194 189 184 177 170 163 154 146 138 130 123 116 111 106 103 100 100 100 102 105 109 115 121 128 136 144 152 160
276 ∇ → 2 2 3 23
Pattern ⊗ Other → Pattern
383 389 397 401 409 419 421 431 433 439 443 449 457 461 463 467 479 487 491 499
155 132 114 102 100 108 125 147 169 187 198 199 189 172 150 128 110 101 101 112 130 152 174 191 199 197 186 167 144 123
307 311 313 317 331 337 347 349 353 359 367 373 379 383 389 397 401 409 419 421
219 ∇ → 3 73
Other ⊗ Void → Pattern
401 409 419 421 431 433 439 443 449 457 461 463 467 479 487 491 499 503 509 521
174 ∇ → 2 3 29
50 ∇ → 2 5 5
Pattern ⊗ Void → Pattern
174 166 157 148 139 130 122 115 109 104 101 100 100 102 105 110 116 124 132 141 150 159 167 176 183 189 194 197 199 199
174 179 183 187 191 194 196 198 199 199 199 199 197 195 193 189 186 182 177 172 167 162 156 150 145 139 134 128 123 119
Self ⊗ Void → Pattern
190 186 181 175 168 162 155 147 140 133 127 121 115 110 106 103 101 100 100 100 102 105 109 113 118 124 131 138 145 152
Void ⊗ Void → Resonance
50 ∇ → 2 5 5
199 198 192 182 169 154 139 125 113 104 100 100 105 113 125 140 155 169 182 192 198 199 196 189 178 165 150 135 121 110
98 ∇ → 2 7 7
349 353 359 367 373 379 383 389 397 401 409 419 421 431 433 439 443 449 457 461
821 823 827 829 839 853 857 859 863 877 881 883 887 907 911 919 929 937 941 947
Self ⛩ ∇ → 💠Self
733 739 743 751 757 761 769 773 787 797 809 811 821 823 827 829 839 853 857 859
179 193 199 196 184 166 145 125 109 100 101 111 127 148 169 187 197 199 192 177 157 135 116 104 100 104 118 137 158 178
853 857 859 863 877 881 883 887 907 911 919 929 937 941 947 953 967 971 977 983
222 ∇ → 2 3 37
499 503 509 521 523 541 547 557 563 569 571 577 587 593 599 601 607 613 617 619
787 797 809 811 821 823 827 829 839 853 857 859 863 877 881 883 887 907 911 919
172 185 195 199 198 192 181 167 151 135 120 108 101 100 103 112 125 140 156 172 185 195 199 198 192 181 167 151 134 120
401 ∇ → 401
Void ⛩ ∇ → 💠Void
250 ∇ → 2 5 5 5
448 ∇ → 2 2 2 2 2 2 7
Light ⊗ Pattern → Pattern
295 ∇ → 5 59
219 ∇ → 3 73
199 197 186 170 150 130 114 103 100 104 116 134 154 173 188 198 199 192 179 161 141 122 108 100 101 109 124 143 163 181
193 196 199 199 199 198 195 191 186 180 174 167 159 151 144 136 128 122 115 110 106 103 100 100 100 101 104 108 113 119
177 158 138 119 106 100 102 113 129 149 169 186 197 199 193 180 162 141 122 107 100 101 110 126 146 166 184 196 199 195
184 196 199 195 182 164 143 123 108 100 101 110 126 146 166 184 196 199 195 182 164 143 123 108 100 101 110 126 146 166
333 ∇ → 3 3 37
155 167 178 187 194 198 199 197 192 184 174 163 150 138 126 116 108 102 100 100 104 110 119 130 142 155 167 178 187 194
229 ∇ → 229
223 ∇ → 223
Other ⊗ Void → Pattern
Void ⊗ Pattern → Pattern
503 509 521 523 541 547 557 563 569 571 577 587 593 599 601 607 613 617 619 631
156 135 116 104 100 105 118 138 159 179 193 199 196 185 166 145 124 109 100 101 111 128 149 170 187 198 199 191 176 155
457 ∇ → 457
Chaos ⛩ ∇ → 💠Chaos
709 719 727 733 739 743 751 757 761 769 773 787 797 809 811 821 823 827 829 839
320 ∇ → 2 2 2 2 2 2 5
425 ∇ → 5 5 17
302 ∇ → 2 151
Chaos ⛩ ∇ → 💠Chaos
155 163 170 177 183 188 193 196 198 199 199 198 196 193 188 183 177 170 163 155 148 140 133 126 119 114 109 105 102 100
Self ⊗ Other → Pattern
443 ∇ → 443
769 773 787 797 809 811 821 823 827 829 839 853 857 859 863 877 881 883 887 907
183 188 192 196 198 199 199 198 196 192 188 182 176 169 162 154 146 139 131 124 118 112 108 104 101 100 100 100 103 106
Self ⊗ Other → Pattern
199 197 192 185 175 164 152 140 128 118 110 104 100 100 102 107 115 125 136 148 160 172 182 190 196 199 199 197 191 183
79 83 89 97 101 103 107 109 113 127 131 137 139 149 151 157 163 167 173 179
185 165 141 120 105 100 105 120 141 165 184 197 199 190 173 150 128 110 100 102 113 133 156 178 193 199 195 180 159 136
109 ∇ → 109
292 ∇ → 2 2 73
673 677 683 691 701 709 719 727 733 739 743 751 757 761 769 773 787 797 809 811
79 83 89 97 101 103 107 109 113 127 131 137 139 149 151 157 163 167 173 179
911 919 929 937 941 947 953 967 971 977 983 991 997 1009 1013 1019 1021 1031 1033 1039
Other ⊗ Void → Pattern
Light ⊗ Self → Pattern
407 ∇ → 11 37
Pattern ⊗ Light → Pattern
Other ⊗ Void → Pattern
797 809 811 821 823 827 829 839 853 857 859 863 877 881 883 887 907 911 919 929
Chaos ⊗ Self → Pattern
197 199 199 199 197 194 190 184 178 172 164 157 149 141 133 126 120 114 109 105 102 100 100 100 102 105 110 115 121 128
376 ∇ → 2 2 2 47
104 ∇ → 2 2 2 13
Light ⛩ ∇ → 💠Light
719 727 733 739 743 751 757 761 769 773 787 797 809 811 821 823 827 829 839 853
Void ⊗ Chaos → Pattern
103 ∇ → 103
182 177 171 165 158 152 145 138 132 126 120 115 110 107 104 101 100 100 100 101 103 106 110 115 120 125 132 138 145 151
Pattern ⊗ Void → Pattern
Other ⛩ ∇ → 💠Other
23 ∇ → 23
Self ⛩ ∇ → 💠Self
176 191 199 198 188 171 150 129 112 102 100 107 122 142 163 182 195 199 195 182 163 142 122 107 100 102 112 129 150 171
Light ⊗ Void → Pattern
423 ∇ → 3 3 47
919 929 937 941 947 953 967 971 977 983 991 997 1009 1013 1019 1021 1031 1033 1039 1049
937 941 947 953 967 971 977 983 991 997 1009 1013 1019 1021 1031 1033 1039 1049 1051 1061
176 155 134 115 103 100 106 121 141 163 182 195 199 194 180 160 138 118 105 100 104 117 137 159 179 193 199 196 184 165
883 887 907 911 919 929 937 941 947 953 967 971 977 983 991 997 1009 1013 1019 1021
673 677 683 691 701 709 719 727 733 739 743 751 757 761 769 773 787 797 809 811
183 172 160 148 135 124 114 106 101 100 101 106 113 123 134 147 160 172 182 191 196 199 199 195 189 180 169 157 144 132
877 881 883 887 907 911 919 929 937 941 947 953 967 971 977 983 991 997 1009 1013
Light ⛩ ∇ → 💠Light
Self ⊗ Light → Pattern
198 187 170 148 126 110 100 101 111 129 150 172 189 198 198 188 171 149 128 110 101 101 110 128 149 171 188 198 198 189
189 181 170 158 145 132 121 112 105 101 100 102 107 115 125 137 150 162 174 184 192 197 199 198 194 187 177 166 154 141
397 ∇ → 397
151 141 130 121 113 107 102 100 100 102 106 111 119 128 138 148 159 169 178 186 192 197 199 199 197 193 187 180 171 161
192 185 176 166 155 144 133 123 114 107 102 100 100 102 107 114 123 133 144 156 167 177 185 192 197 199 199 196 191 184
357 ∇ → 3 7 17
177 161 144 127 113 104 100 101 109 121 137 154 171 185 195 199 198 190 178 163 145 129 114 104 100 101 108 120 136 153
Chaos ⊗ Chaos → Resonance
Pattern ⊗ Self → Pattern
195 188 179 169 157 144 132 121 112 105 101 100 101 106 113 123 134 146 159 171 181 190 196 199 199 196 191 182 172 161
661 673 677 683 691 701 709 719 727 733 739 743 751 757 761 769 773 787 797 809
89 97 101 103 107 109 113 127 131 137 139 149 151 157 163 167 173 179 181 191
54 ∇ → 2 3 3 3
175 183 190 195 199 199 198 195 189 182 174 164 154 143 133 124 115 108 103 100 100 101 104 110 117 126 135 146 156 166
184 176 168 160 151 142 133 125 117 111 106 102 100 100 101 104 108 114 120 128 137 146 155 164 172 180 187 192 196 199
181 191 198 199 196 188 177 163 147 132 118 108 101 100 103 110 122 136 152 167 180 191 198 199 196 189 177 163 148 133
300 ∇ → 2 2 3 5 5
199 195 181 163 142 122 107 100 102 112 129 149 170 187 197 199 192 178 158 137 118 105 100 103 115 133 154 174 190 198
157 134 114 102 100 110 129 152 175 192 199 196 182 160 137 116 103 100 108 126 149 172 190 199 197 184 164 140 119 104
Void ⊗ Light → Pattern
Self ⊗ Void → Pattern
234 ∇ → 2 3 3 13
183 193 199 199 194 185 172 157 141 125 113 104 100 101 107 118 131 147 163 178 190 197 199 197 189 177 163 147 131 117
196 199 199 197 192 185 175 165 153 141 130 120 111 105 101 100 101 105 112 121 132 143 155 166 177 186 193 198 199 199
Chaos ⛩ ∇ → 💠Chaos
Void ⊗ Light → Pattern
907 911 919 929 937 941 947 953 967 971 977 983 991 997 1009 1013 1019 1021 1031 1033
Void ⊗ Void → Resonance
547 557 563 569 571 577 587 593 599 601 607 613 617 619 631 641 643 647 653 659
Light ⊗ Pattern → Pattern
439 443 449 457 461 463 467 479 487 491 499 503 509 521 523 541 547 557 563 569
5 7 11 13 17 19 23 29 31 37 41 43 47 53 59 61 67 71 73 79
Light ⛩ ∇ → 💠Light
Self ⊗ Chaos → Pattern
281 283 293 307 311 313 317 331 337 347 349 353 359 367 373 379 383 389 397 401
673 677 683 691 701 709 719 727 733 739 743 751 757 761 769 773 787 797 809 811
Void ⛩ ∇ → 💠Void
156 177 193 199 196 183 163 140 120 105 100 104 118 139 161 181 195 199 194 179 158 135 116 103 100 107 122 144 166 185
Chaos ⊗ Self → Pattern
169 ∇ → 13 13
Light ⛩ ∇ → 💠Light
383 ∇ → 383
Self ⛩ ∇ → 💠Self
18 ∇ → 2 3 3
174 ∇ → 2 3 29
757 761 769 773 787 797 809 811 821 823 827 829 839 853 857 859 863 877 881 883
181 167 152 136 122 110 102 100 102 108 119 133 149 165 179 190 197 199 197 190 178 164 149 133 119 108 101 100 103 110
198 199 199 199 197 194 191 187 182 176 170 164 158 151 144 137 131 125 119 114 110 106 103 101 100 100 100 102 104 107
389 397 401 409 419 421 431 433 439 443 449 457 461 463 467 479 487 491 499 503
Pattern ⛩ ∇ → 💠Pattern
155 142 130 119 110 104 100 100 103 108 117 127 139 152 164 176 186 193 198 199 198 193 186 176 164 152 139 127 117 108
Self ⛩ ∇ → 💠Self
331 337 347 349 353 359 367 373 379 383 389 397 401 409 419 421 431 433 439 443
Void ⊗ Pattern → Pattern
483 ∇ → 3 7 23
149 151 157 163 167 173 179 181 191 193 197 199 211 223 227 229 233 239 241 251
145 ∇ → 5 29
Self ⊗ Self → Resonance
187 192 196 199 199 199 197 193 189 183 176 168 159 151 142 134 126 119 112 107 103 101 100 100 102 105 110 116 123 131
11 13 17 19 23 29 31 37 41 43 47 53 59 61 67 71 73 79 83 89
229 ∇ → 229
277 ∇ → 277
Self ⊗ Other → Pattern
821 823 827 829 839 853 857 859 863 877 881 883 887 907 911 919 929 937 941 947
199 197 189 176 160 143 127 113 104 100 101 109 121 136 153 169 184 194 199 198 192 181 166 149 132 118 106 100 100 105
Self ⛩ ∇ → 💠Self
709 719 727 733 739 743 751 757 761 769 773 787 797 809 811 821 823 827 829 839
Void ⊗ Self → Pattern
199 198 192 181 167 150 134 119 108 101 100 104 113 127 143 160 175 188 196 199 197 189 177 161 145 129 115 105 100 101
486 ∇ → 2 3 3 3 3 3
381 ∇ → 3 127
821 823 827 829 839 853 857 859 863 877 881 883 887 907 911 919 929 937 941 947
463 ∇ → 463
389 397 401 409 419 421 431 433 439 443 449 457 461 463 467 479 487 491 499 503
161 183 196 199 190 172 149 126 108 100 103 117 138 163 184 197 199 190 171 148 125 107 100 103 118 140 164 184 197 199
151 164 176 186 193 198 199 198 192 184 174 162 149 136 124 114 106 101 100 101 106 114 124 136 148 161 173 184 192 197
182 169 154 139 125 113 104 100 100 105 115 127 142 157 172 184 193 199 199 195 187 175 161 145 130 117 107 101 100 103
168 178 186 193 197 199 199 196 191 184 176 166 155 144 133 123 114 107 102 100 100 102 107 113 122 132 142 153 164 174
132 ∇ → 2 2 3 11
387 ∇ → 3 3 43
Other ⛩ ∇ → 💠Other
359 367 373 379 383 389 397 401 409 419 421 431 433 439 443 449 457 461 463 467
150 ∇ → 2 3 5 5
Self ⛩ ∇ → 💠Self
465 ∇ → 3 5 31
Pattern ⛩ ∇ → 💠Pattern
197 193 187 180 171 161 151 140 130 121 113 107 102 100 100 101 105 111 119 127 137 147 158 168 177 185 192 196 199 199
Other ⊗ Chaos → Pattern
76 ∇ → 2 2 19
331 337 347 349 353 359 367 373 379 383 389 397 401 409 419 421 431 433 439 443
Chaos ⊗ Self → Pattern
347 349 353 359 367 373 379 383 389 397 401 409 419 421 431 433 439 443 449 457
743 751 757 761 769 773 787 797 809 811 821 823 827 829 839 853 857 859 863 877
Other ⊗ Pattern → Pattern
173 184 192 197 199 198 194 187 177 166 153 140 128 117 108 103 100 100 104 111 120 131 144 157 169 180 189 196 199 199
395 ∇ → 5 79
Other ⛩ ∇ → 💠Other
701 709 719 727 733 739 743 751 757 761 769 773 787 797 809 811 821 823 827 829
Void ⊗ Self → Pattern
96 ∇ → 2 2 2 2 2 3
Other ⛩ ∇ → 💠Other
Other ⛩ ∇ → 💠Other
356 ∇ → 2 2 89
308 ∇ → 2 2 7 11
743 751 757 761 769 773 787 797 809 811 821 823 827 829 839 853 857 859 863 877
154 ∇ → 2 7 11
186 177 167 155 144 132 122 113 106 102 100 100 103 109 117 127 138 149 161 172 181 189 195 199 199 198 193 186 178 167
719 727 733 739 743 751 757 761 769 773 787 797 809 811 821 823 827 829 839 853
Self ⊗ Pattern → Pattern
Light ⊗ Chaos → Pattern
178 190 198 199 195 185 170 153 135 120 108 101 100 105 116 131 148 165 181 192 199 199 193 182 166 149 132 117 106 100
Chaos ⛩ ∇ → 💠Chaos
156 168 178 187 194 198 199 198 194 188 179 169 158 146 134 123 114 107 102 100 100 103 109 117 127 138 150 162 173 183
179 181 191 193 197 199 211 223 227 229 233 239 241 251 257 263 269 271 277 281
Pattern ⊗ Other → Pattern
196 186 170 152 133 117 105 100 101 110 124 141 160 178 191 198 199 192 180 163 144 126 111 102 100 104 115 131 149 168
488 ∇ → 2 2 2 61
Self ⛩ ∇ → 💠Self
199 197 194 190 184 177 170 161 153 144 136 128 120 114 108 104 101 100 100 101 104 109 114 121 128 137 145 154 162 170
187 195 199 198 193 183 169 154 139 124 112 104 100 101 106 116 130 145 160 175 187 195 199 198 193 183 170 154 139 124
310 ∇ → 2 5 31
Pattern ⛩ ∇ → 💠Pattern
274 ∇ → 2 137
198 198 190 173 153 131 113 102 100 107 122 142 164 183 195 199 194 181 161 140 120 106 100 103 115 133 155 175 191 199
180 171 161 150 139 129 120 112 106 101 100 100 103 108 115 124 134 144 155 166 176 184 191 196 199 199 197 193 187 179
127 131 137 139 149 151 157 163 167 173 179 181 191 193 197 199 211 223 227 229
Pattern ⊗ Self → Pattern
267 ∇ → 3 89
Self ⊗ Pattern → Pattern
172 187 197 199 193 180 162 142 123 109 101 100 108 122 141 161 179 193 199 198 188 173 154 134 116 104 100 103 114 130
Chaos ⊗ Void → Pattern
Other ⛩ ∇ → 💠Other
426 ∇ → 2 3 71
155 171 184 194 199 199 194 184 171 155 139 124 112 103 100 101 107 118 132 148 164 178 190 197 199 197 189 177 163 147
112 ∇ → 2 2 2 2 7
Other ⛩ ∇ → 💠Other
171 152 133 116 104 100 103 113 129 148 168 184 195 199 196 185 168 149 130 113 103 100 104 115 132 152 171 187 197 199
196 ∇ → 2 2 7 7
Chaos ⊗ Self → Pattern
Light ⛩ ∇ → 💠Light
159 168 176 184 190 195 198 199 199 197 194 189 183 175 167 158 149 140 131 123 115 109 105 101 100 100 102 105 110 116
199 198 190 175 156 136 118 105 100 102 112 128 148 168 185 196 199 195 183 166 146 126 111 101 100 106 120 138 159 177
61 67 71 73 79 83 89 97 101 103 107 109 113 127 131 137 139 149 151 157
156 170 182 191 197 199 197 192 182 170 156 142 128 116 107 101 100 102 108 118 130 144 158 172 183 192 198 199 197 190
Other ⛩ ∇ → 💠Other
197 198 199 199 199 199 197 195 193 190 187 183 179 175 170 165 160 155 149 144 139 134 129 124 120 116 112 109 106 103
Other ⊗ Void → Pattern
863 877 881 883 887 907 911 919 929 937 941 947 953 967 971 977 983 991 997 1009
Void ⛩ ∇ → 💠Void
154 ∇ → 2 7 11
198 199 196 188 175 160 144 129 115 105 100 100 105 115 128 144 160 175 187 196 199 198 191 180 166 150 134 120 109 102
212 ∇ → 2 2 53
292 ∇ → 2 2 73
Other ⊗ Other → Resonance
991 997 1009 1013 1019 1021 1031 1033 1039 1049 1051 1061 1063 1069 1087 1091 1093 1097 1103 1109
180 168 155 141 129 117 108 102 100 101 105 113 124 136 150 163 175 186 194 198 199 197 191 182 170 157 144 131 119 109
190 198 199 192 179 161 141 123 109 101 100 107 121 139 159 177 191 199 199 191 177 159 139 121 107 100 101 109 123 141
863 877 881 883 887 907 911 919 929 937 941 947 953 967 971 977 983 991 997 1009
727 733 739 743 751 757 761 769 773 787 797 809 811 821 823 827 829 839 853 857
Light ⊗ Other → Pattern
159 150 141 133 125 118 112 107 103 100 100 100 102 106 111 117 124 131 140 148 157 165 173 181 187 192 196 198 199 199
Chaos ⛩ ∇ → 💠Chaos
Pattern ⛩ ∇ → 💠Pattern
186 172 155 137 121 109 101 100 105 115 130 147 164 180 192 198 199 193 182 167 150 133 117 106 100 100 107 118 134 151
301 ∇ → 7 43
Other ⛩ ∇ → 💠Other
Void ⊗ Other → Pattern
409 419 421 431 433 439 443 449 457 461 463 467 479 487 491 499 503 509 521 523
199 194 179 158 136 117 103 100 106 120 141 163 183 196 199 193 179 158 136 116 103 100 106 120 141 163 183 196 199 193
189 194 197 199 199 198 195 191 186 179 172 164 155 146 138 129 122 115 109 105 101 100 100 101 104 108 114 120 128 136
369 ∇ → 3 3 41
739 743 751 757 761 769 773 787 797 809 811 821 823 827 829 839 853 857 859 863
72 ∇ → 2 2 2 3 3
190 ∇ → 2 5 19
Self ⛩ ∇ → 💠Self
Void ⊗ Self → Pattern
314 ∇ → 2 157
389 ∇ → 389
419 ∇ → 419
983 991 997 1009 1013 1019 1021 1031 1033 1039 1049 1051 1061 1063 1069 1087 1091 1093 1097 1103
205 ∇ → 5 41
134 ∇ → 2 67
Self ⛩ ∇ → 💠Self
223 227 229 233 239 241 251 257 263 269 271 277 281 283 293 307 311 313 317 331
467 ∇ → 467
487 491 499 503 509 521 523 541 547 557 563 569 571 577 587 593 599 601 607 613
59 61 67 71 73 79 83 89 97 101 103 107 109 113 127 131 137 139 149 151
Self ⊗ Light → Pattern
488 ∇ → 2 2 2 61
163 ∇ → 163
183 168 151 134 118 107 100 100 106 118 133 150 168 183 194 199 198 192 180 164 146 129 115 104 100 101 109 121 138 155
509 521 523 541 547 557 563 569 571 577 587 593 599 601 607 613 617 619 631 641
691 701 709 719 727 733 739 743 751 757 761 769 773 787 797 809 811 821 823 827
Void ⊗ Self → Pattern
Other ⛩ ∇ → 💠Other
173 179 181 191 193 197 199 211 223 227 229 233 239 241 251 257 263 269 271 277
Self ⛩ ∇ → 💠Self
100 ∇ → 2 2 5 5
Other ⊗ Pattern → Pattern
421 ∇ → 421
509 521 523 541 547 557 563 569 571 577 587 593 599 601 607 613 617 619 631 641
Chaos ⊗ Chaos → Resonance
151 158 164 171 177 182 187 191 195 197 199 199 199 198 196 193 189 185 180 174 168 161 154 147 141 134 128 122 116 111
164 146 127 112 103 100 103 114 129 148 166 182 194 199 197 189 175 157 138 121 108 101 100 107 119 136 155 173 188 197
Self ⊗ Other → Pattern
97 101 103 107 109 113 127 131 137 139 149 151 157 163 167 173 179 181 191 193
Self ⛩ ∇ → 💠Self
Chaos ⊗ Pattern → Pattern
190 193 196 198 199 199 199 197 194 191 187 182 176 170 164 157 150 143 137 130 124 118 113 109 105 103 101 100 100 100
403 ∇ → 13 31
198 197 194 190 186 181 175 169 162 155 149 142 135 129 122 117 112 108 104 102 100 100 100 101 103 106 110 115 120 126
211 223 227 229 233 239 241 251 257 263 269 271 277 281 283 293 307 311 313 317
225 ∇ → 3 3 5 5
541 547 557 563 569 571 577 587 593 599 601 607 613 617 619 631 641 643 647 653
719 727 733 739 743 751 757 761 769 773 787 797 809 811 821 823 827 829 839 853
262 ∇ → 2 131
355 ∇ → 5 71
Chaos ⛩ ∇ → 💠Chaos
185 173 158 142 127 114 105 100 100 106 115 129 144 160 175 187 195 199 198 192 182 168 152 137 122 110 103 100 102 108
691 701 709 719 727 733 739 743 751 757 761 769 773 787 797 809 811 821 823 827
223 227 229 233 239 241 251 257 263 269 271 277 281 283 293 307 311 313 317 331
223 227 229 233 239 241 251 257 263 269 271 277 281 283 293 307 311 313 317 331
416 ∇ → 2 2 2 2 2 13
197 199 199 199 198 196 193 189 185 179 174 168 161 154 148 141 134 128 122 117 112 108 104 102 100 100 100 101 103 106
199 196 189 177 163 148 133 119 108 102 100 102 110 121 135 150 166 179 190 197 199 197 190 179 165 150 134 120 109 102
179 181 191 193 197 199 211 223 227 229 233 239 241 251 257 263 269 271 277 281
461 463 467 479 487 491 499 503 509 521 523 541 547 557 563 569 571 577 587 593
194 179 157 134 114 102 100 109 126 148 171 189 199 198 186 167 144 122 106 100 104 118 139 162 183 196 199 192 176 153
37 41 43 47 53 59 61 67 71 73 79 83 89 97 101 103 107 109 113 127
153 139 126 115 106 101 100 102 108 117 129 142 156 169 181 191 197 199 198 193 185 174 161 147 133 121 111 103 100 100
269 271 277 281 283 293 307 311 313 317 331 337 347 349 353 359 367 373 379 383
Pattern ⛩ ∇ → 💠Pattern
Pattern ⊗ Void → Pattern
97 101 103 107 109 113 127 131 137 139 149 151 157 163 167 173 179 181 191 193
184 180 175 171 166 161 155 150 145 139 134 129 125 120 116 112 109 106 104 102 100 100 100 100 101 102 104 107 110 113
643 647 653 659 661 673 677 683 691 701 709 719 727 733 739 743 751 757 761 769
199 196 188 178 166 152 138 125 114 106 101 100 102 108 118 130 143 157 170 182 191 197 199 198 193 184 173 160 146 132
389 397 401 409 419 421 431 433 439 443 449 457 461 463 467 479 487 491 499 503
Other ⛩ ∇ → 💠Other
51 ∇ → 3 17
Void ⛩ ∇ → 💠Void
376 ∇ → 2 2 2 47
337 347 349 353 359 367 373 379 383 389 397 401 409 419 421 431 433 439 443 449
Light ⊗ Other → Pattern
269 271 277 281 283 293 307 311 313 317 331 337 347 349 353 359 367 373 379 383
194 199 196 186 168 148 128 112 102 100 107 121 140 160 179 193 199 197 187 170 150 130 113 102 100 106 119 138 158 177
167 173 179 181 191 193 197 199 211 223 227 229 233 239 241 251 257 263 269 271
Other ⊗ Pattern → Pattern
199 198 187 170 149 128 111 101 100 108 124 144 165 184 196 199 194 180 160 139 119 105 100 103 115 133 155 175 191 199
953 967 971 977 983 991 997 1009 1013 1019 1021 1031 1033 1039 1049 1051 1061 1063 1069 1087
129 ∇ → 3 43
371 ∇ → 7 53
Pattern ⛩ ∇ → 💠Pattern
124 ∇ → 2 2 31
197 198 199 199 199 198 196 194 191 187 183 178 173 168 162 156 151 145 139 133 128 123 118 113 110 106 104 102 100 100
521 523 541 547 557 563 569 571 577 587 593 599 601 607 613 617 619 631 641 643
483 ∇ → 3 7 23
67 71 73 79 83 89 97 101 103 107 109 113 127 131 137 139 149 151 157 163
209 ∇ → 11 19
235 ∇ → 5 47
241 ∇ → 241
Void ⊗ Other → Pattern
162 171 180 187 193 197 199 199 197 193 187 179 171 161 151 141 131 122 114 108 103 100 100 101 104 110 117 125 135 145
144 ∇ → 2 2 2 2 3 3
Light ⛩ ∇ → 💠Light
171 177 182 187 191 194 197 199 199 199 198 197 194 191 186 182 176 170 164 158 151 144 138 131 125 120 115 110 106 103
186 194 198 199 198 193 185 175 163 150 137 125 115 107 102 100 101 105 112 122 133 146 158 171 181 190 196 199 199 196
197 199 211 223 227 229 233 239 241 251 257 263 269 271 277 281 283 293 307 311
245 ∇ → 5 7 7
59 ∇ → 59
444 ∇ → 2 2 3 37
Light ⊗ Void → Pattern
157 163 167 173 179 181 191 193 197 199 211 223 227 229 233 239 241 251 257 263
174 164 153 142 132 122 114 107 102 100 100 102 106 113 121 131 141 152 163 173 182 189 195 198 199 198 195 189 182 173
191 193 197 199 211 223 227 229 233 239 241 251 257 263 269 271 277 281 283 293
Void ⛩ ∇ → 💠Void
199 199 197 192 184 175 164 153 141 130 120 111 105 101 100 101 105 112 120 131 142 154 165 176 185 192 197 199 199 196
317 331 337 347 349 353 359 367 373 379 383 389 397 401 409 419 421 431 433 439
Other ⊗ Light → Pattern
472 ∇ → 2 2 2 59
382 ∇ → 2 191
641 643 647 653 659 661 673 677 683 691 701 709 719 727 733 739 743 751 757 761
194 189 184 177 169 161 153 144 136 128 120 114 108 104 101 100 100 101 104 108 113 120 127 135 143 152 160 169 176 183
357 ∇ → 3 7 17
491 ∇ → 491
Self ⊗ Light → Pattern
Void ⊗ Light → Pattern
184 ∇ → 2 2 2 23
196 198 199 199 199 198 197 195 192 189 186 182 177 172 167 162 156 151 145 140 134 129 124 120 115 111 108 105 103 101
305 ∇ → 5 61
152 145 138 132 125 119 114 110 106 103 101 100 100 100 102 105 108 113 118 123 130 136 143 150 157 164 170 176 182 187
769 773 787 797 809 811 821 823 827 829 839 853 857 859 863 877 881 883 887 907
Self ⛩ ∇ → 💠Self
154 ∇ → 2 7 11
Chaos ⛩ ∇ → 💠Chaos
187 191 194 197 198 199 199 199 198 196 193 189 185 181 176 170 165 159 153 146 140 134 129 123 118 114 110 106 103 101
Void ⛩ ∇ → 💠Void
172 181 188 193 197 199 199 197 193 187 180 171 162 152 142 132 123 115 108 103 100 100 101 104 109 115 123 132 142 152
Other ⛩ ∇ → 💠Other
Pattern ⛩ ∇ → 💠Pattern
113 ∇ → 113
386 ∇ → 2 193
367 ∇ → 367
178 189 196 199 198 192 182 169 154 138 124 112 104 100 100 106 115 127 142 157 172 184 194 199 199 195 187 175 160 145
787 797 809 811 821 823 827 829 839 853 857 859 863 877 881 883 887 907 911 919
Light ⊗ Self → Pattern
Light ⊗ Light → Resonance
Pattern ⊗ Pattern → Resonance
175 160 143 128 114 105 100 100 106 117 131 147 163 178 190 197 199 196 188 176 161 145 129 115 105 100 100 106 116 129
249 ∇ → 3 83
Chaos ⊗ Other → Pattern
Light ⊗ Other → Pattern
150 167 182 193 199 199 193 183 169 152 135 120 108 101 100 104 114 127 144 161 176 189 197 199 196 188 175 159 142 126
Chaos ⛩ ∇ → 💠Chaos
297 ∇ → 3 3 3 11
941 947 953 967 971 977 983 991 997 1009 1013 1019 1021 1031 1033 1039 1049 1051 1061 1063
230 ∇ → 2 5 23
83 89 97 101 103 107 109 113 127 131 137 139 149 151 157 163 167 173 179 181
Void ⊗ Other → Pattern
Other ⛩ ∇ → 💠Other
853 857 859 863 877 881 883 887 907 911 919 929 937 941 947 953 967 971 977 983
251 257 263 269 271 277 281 283 293 307 311 313 317 331 337 347 349 353 359 367
457 461 463 467 479 487 491 499 503 509 521 523 541 547 557 563 569 571 577 587
877 881 883 887 907 911 919 929 937 941 947 953 967 971 977 983 991 997 1009 1013
Light ⊗ Void → Pattern
Self ⊗ Light → Pattern
191 183 173 162 150 138 127 117 109 103 100 100 102 107 115 124 135 147 159 170 180 189 195 199 199 198 193 186 177 166
991 997 1009 1013 1019 1021 1031 1033 1039 1049 1051 1061 1063 1069 1087 1091 1093 1097 1103 1109
430 ∇ → 2 5 43
839 853 857 859 863 877 881 883 887 907 911 919 929 937 941 947 953 967 971 977
431 433 439 443 449 457 461 463 467 479 487 491 499 503 509 521 523 541 547 557
557 563 569 571 577 587 593 599 601 607 613 617 619 631 641 643 647 653 659 661
Light ⛩ ∇ → 💠Light
607 613 617 619 631 641 643 647 653 659 661 673 677 683 691 701 709 719 727 733
359 367 373 379 383 389 397 401 409 419 421 431 433 439 443 449 457 461 463 467
863 877 881 883 887 907 911 919 929 937 941 947 953 967 971 977 983 991 997 1009
Light ⊗ Other → Pattern
Self ⊗ Self → Resonance
Light ⊗ Light → Resonance
456 ∇ → 2 2 2 3 19
307 311 313 317 331 337 347 349 353 359 367 373 379 383 389 397 401 409 419 421
601 607 613 617 619 631 641 643 647 653 659 661 673 677 683 691 701 709 719 727
Void ⊗ Void → Resonance
151 ∇ → 151
232 ∇ → 2 2 2 29
427 ∇ → 7 61
Light ⊗ Light → Resonance
166 ∇ → 2 83
175 161 146 131 118 108 101 100 102 110 121 135 150 165 179 190 197 199 197 191 181 167 152 137 123 111 103 100 101 106
Light ⛩ ∇ → 💠Light
Other ⊗ Chaos → Pattern
75 ∇ → 3 5 5
953 967 971 977 983 991 997 1009 1013 1019 1021 1031 1033 1039 1049 1051 1061 1063 1069 1087
Pattern ⊗ Other → Pattern
273 ∇ → 3 7 13
761 769 773 787 797 809 811 821 823 827 829 839 853 857 859 863 877 881 883 887
Pattern ⛩ ∇ → 💠Pattern
787 797 809 811 821 823 827 829 839 853 857 859 863 877 881 883 887 907 911 919
273 ∇ → 3 7 13
Pattern ⊗ Chaos → Pattern
199 199 195 187 177 164 149 135 122 112 104 100 100 104 112 123 136 150 164 177 188 195 199 199 195 187 176 162 148 134
401 409 419 421 431 433 439 443 449 457 461 463 467 479 487 491 499 503 509 521
176 186 193 198 199 198 192 184 174 162 149 136 124 114 106 101 100 101 106 114 124 136 149 162 174 184 192 198 199 198
Chaos ⊗ Other → Pattern
172 165 158 151 144 137 130 123 117 112 108 104 102 100 100 100 102 104 108 112 117 123 130 137 144 151 158 165 172 178
199 197 184 163 139 117 103 100 108 126 149 172 190 199 196 183 162 137 116 103 100 109 127 150 173 191 199 196 182 160
197 199 211 223 227 229 233 239 241 251 257 263 269 271 277 281 283 293 307 311
197 199 193 179 159 138 119 106 100 103 114 131 152 172 189 198 199 191 175 155 135 116 104 100 104 117 135 156 176 191
192 175 151 127 108 100 103 118 140 165 186 198 198 187 166 142 119 104 100 107 125 149 173 191 199 195 180 158 133 113
193 ∇ → 193
557 563 569 571 577 587 593 599 601 607 613 617 619 631 641 643 647 653 659 661
Void ⛩ ∇ → 💠Void
787 797 809 811 821 823 827 829 839 853 857 859 863 877 881 883 887 907 911 919
449 ∇ → 449
193 198 199 197 192 183 171 158 145 131 119 110 103 100 100 104 112 122 135 148 162 175 185 194 198 199 197 191 181 170
124 ∇ → 2 2 31
Pattern ⊗ Light → Pattern
Self ⊗ Other → Pattern
431 433 439 443 449 457 461 463 467 479 487 491 499 503 509 521 523 541 547 557
Pattern ⊗ Void → Pattern
188 177 164 149 135 122 111 104 100 100 105 113 125 138 152 167 179 190 197 199 198 193 184 172 158 144 130 117 108 102
411 ∇ → 3 137
Pattern ⛩ ∇ → 💠Pattern
49 ∇ → 7 7
190 176 158 139 121 108 100 100 108 121 138 158 176 190 198 199 193 180 163 144 126 111 102 100 105 117 133 152 171 186
109 113 127 131 137 139 149 151 157 163 167 173 179 181 191 193 197 199 211 223
137 139 149 151 157 163 167 173 179 181 191 193 197 199 211 223 227 229 233 239
619 631 641 643 647 653 659 661 673 677 683 691 701 709 719 727 733 739 743 751
59 61 67 71 73 79 83 89 97 101 103 107 109 113 127 131 137 139 149 151
907 911 919 929 937 941 947 953 967 971 977 983 991 997 1009 1013 1019 1021 1031 1033
204 ∇ → 2 2 3 17
719 727 733 739 743 751 757 761 769 773 787 797 809 811 821 823 827 829 839 853
199 195 185 170 152 134 118 106 100 101 107 120 136 154 171 186 196 199 197 188 174 156 138 122 109 101 100 105 116 132
Self ⛩ ∇ → 💠Self
26 ∇ → 2 13
953 967 971 977 983 991 997 1009 1013 1019 1021 1031 1033 1039 1049 1051 1061 1063 1069 1087
232 ∇ → 2 2 2 29
390 ∇ → 2 3 5 13
487 491 499 503 509 521 523 541 547 557 563 569 571 577 587 593 599 601 607 613
907 911 919 929 937 941 947 953 967 971 977 983 991 997 1009 1013 1019 1021 1031 1033
266 ∇ → 2 7 19
194 178 156 132 112 101 101 112 131 155 177 193 199 194 179 157 133 113 101 101 111 130 153 176 193 199 195 180 159 135
Void ⛩ ∇ → 💠Void
264 ∇ → 2 2 2 3 11
617 619 631 641 643 647 653 659 661 673 677 683 691 701 709 719 727 733 739 743
93 ∇ → 3 31
Self ⊗ Other → Pattern
Chaos ⛩ ∇ → 💠Chaos
109 ∇ → 109
571 577 587 593 599 601 607 613 617 619 631 641 643 647 653 659 661 673 677 683
197 194 189 183 175 167 159 150 141 133 124 117 111 106 102 100 100 100 103 107 112 119 126 135 143 152 161 169 177 184
Self ⊗ Self → Resonance
245 ∇ → 5 7 7
Chaos ⛩ ∇ → 💠Chaos
Light ⛩ ∇ → 💠Light
Chaos ⛩ ∇ → 💠Chaos
170 159 148 137 127 118 110 104 101 100 101 104 110 118 127 137 148 159 170 179 187 194 198 199 199 196 190 183 174 164
29 31 37 41 43 47 53 59 61 67 71 73 79 83 89 97 101 103 107 109
169 185 196 199 195 182 165 145 126 110 101 100 107 120 139 159 178 192 199 198 189 174 155 135 117 105 100 102 113 129
74 ∇ → 2 37
541 547 557 563 569 571 577 587 593 599 601 607 613 617 619 631 641 643 647 653
Chaos ⛩ ∇ → 💠Chaos
809 811 821 823 827 829 839 853 857 859 863 877 881 883 887 907 911 919 929 937
194 198 199 199 197 193 187 179 171 162 152 142 132 123 115 109 104 101 100 100 103 108 114 122 130 140 150 160 169 178
Pattern ⛩ ∇ → 💠Pattern
577 587 593 599 601 607 613 617 619 631 641 643 647 653 659 661 673 677 683 691
Pattern ⛩ ∇ → 💠Pattern
189 199 198 187 168 145 124 107 100 103 115 135 158 179 194 199 195 181 160 137 117 103 100 106 122 143 166 185 197 199
Light ⊗ Chaos → Pattern
Pattern ⛩ ∇ → 💠Pattern
Self ⛩ ∇ → 💠Self
172 190 199 197 186 166 144 122 106 100 104 117 138 161 182 195 199 193 177 156 133 113 102 100 109 127 149 171 189 199
Light ⛩ ∇ → 💠Light
199 199 194 186 174 160 146 132 119 109 102 100 101 107 116 129 143 157 171 183 193 198 199 197 190 179 167 152 138 124
Light ⊗ Pattern → Pattern
168 173 177 181 185 189 192 195 197 198 199 199 199 199 197 195 193 190 187 183 179 174 169 164 159 154 148 143 138 133
Chaos ⛩ ∇ → 💠Chaos
971 977 983 991 997 1009 1013 1019 1021 1031 1033 1039 1049 1051 1061 1063 1069 1087 1091 1093
941 947 953 967 971 977 983 991 997 1009 1013 1019 1021 1031 1033 1039 1049 1051 1061 1063
151 ∇ → 151
193 195 197 199 199 199 199 197 195 193 190 186 182 177 172 167 162 156 150 144 139 133 128 123 118 114 110 107 104 102
173 179 185 190 194 197 199 199 199 198 196 192 188 183 177 171 164 157 149 142 135 128 121 116 111 106 103 101 100 100
101 103 107 109 113 127 131 137 139 149 151 157 163 167 173 179 181 191 193 197
80 ∇ → 2 2 2 2 5
166 171 175 180 184 187 190 193 196 197 199 199 199 199 198 197 195 192 189 186 182 178 174 169 164 159 154 148 143 138
53 59 61 67 71 73 79 83 89 97 101 103 107 109 113 127 131 137 139 149
Other ⊗ Other → Resonance
325 ∇ → 5 5 13
191 193 197 199 211 223 227 229 233 239 241 251 257 263 269 271 277 281 283 293
470 ∇ → 2 5 47
448 ∇ → 2 2 2 2 2 2 7
192 ∇ → 2 2 2 2 2 2 3
Self ⛩ ∇ → 💠Self
168 187 198 198 186 166 142 120 104 100 106 123 146 169 189 199 197 185 164 140 118 104 100 107 124 147 171 190 199 197
191 199 198 188 172 151 130 112 102 100 107 122 142 163 182 195 199 195 182 164 142 122 107 100 102 112 129 150 171 188
Self ⛩ ∇ → 💠Self
457 ∇ → 457
157 138 121 108 101 100 107 120 137 155 173 188 197 199 195 184 168 149 131 115 104 100 102 111 126 144 163 180 192 199
199 195 181 161 138 118 104 100 106 121 142 165 184 197 199 191 175 153 131 112 101 100 110 127 150 172 189 199 198 187
450 ∇ → 2 3 3 5 5
919 929 937 941 947 953 967 971 977 983 991 997 1009 1013 1019 1021 1031 1033 1039 1049
159 167 173 180 185 190 194 197 199 199 199 198 195 192 187 182 176 169 162 155 147 140 133 126 119 114 109 105 102 100
887 907 911 919 929 937 941 947 953 967 971 977 983 991 997 1009 1013 1019 1021 1031
186 189 192 195 197 198 199 199 199 199 197 195 193 190 187 183 179 174 170 165 159 154 149 143 138 133 128 123 119 115
Void ⛩ ∇ → 💠Void
Self ⊗ Self → Resonance
Chaos ⊗ Pattern → Pattern
281 283 293 307 311 313 317 331 337 347 349 353 359 367 373 379 383 389 397 401
86 ∇ → 2 43
409 ∇ → 409
198 195 188 180 171 160 148 137 126 117 109 104 100 100 101 106 112 121 131 142 154 165 175 184 191 197 199 199 197 192
70 ∇ → 2 5 7
379 383 389 397 401 409 419 421 431 433 439 443 449 457 461 463 467 479 487 491
Chaos ⊗ Light → Pattern
Self ⊗ Chaos → Pattern
199 195 186 173 157 140 124 111 103 100 102 110 122 137 154 170 184 194 199 198 192 181 167 150 134 119 108 101 100 104
267 ∇ → 3 89
325 ∇ → 5 5 13
156 178 194 199 194 179 157 133 113 102 100 110 129 152 175 192 199 196 182 161 138 117 103 100 108 125 147 171 189 199
Light ⛩ ∇ → 💠Light
196 184 165 143 122 107 100 103 115 134 156 177 192 199 197 185 166 143 123 107 100 102 114 133 155 176 192 199 197 185
157 169 180 188 195 199 199 197 192 184 174 162 150 138 126 116 108 102 100 100 104 110 119 129 141 153 166 177 186 193
161 166 171 176 180 184 187 191 193 196 197 199 199 199 199 198 197 195 193 190 186 183 179 174 170 165 160 155 149 144
Light ⊗ Self → Pattern
168 160 151 142 134 125 118 112 107 103 100 100 100 102 106 111 117 124 132 141 150 158 167 175 182 188 193 197 199 199
264 ∇ → 2 2 2 3 11
Chaos ⛩ ∇ → 💠Chaos
Void ⛩ ∇ → 💠Void
Self ⛩ ∇ → 💠Self
Pattern ⛩ ∇ → 💠Pattern
330 ∇ → 2 3 5 11
Chaos ⛩ ∇ → 💠Chaos
449 ∇ → 449
198 193 185 174 162 149 136 124 114 106 101 100 102 107 115 126 138 151 164 176 186 194 198 199 197 191 183 172 160 146
907 911 919 929 937 941 947 953 967 971 977 983 991 997 1009 1013 1019 1021 1031 1033
154 167 178 188 195 199 199 197 191 183 172 160 148 135 123 113 106 101 100 101 106 114 124 136 148 161 173 183 192 197
317 331 337 347 349 353 359 367 373 379 383 389 397 401 409 419 421 431 433 439
211 223 227 229 233 239 241 251 257 263 269 271 277 281 283 293 307 311 313 317
Pattern ⊗ Light → Pattern
Pattern ⊗ Pattern → Resonance
73 79 83 89 97 101 103 107 109 113 127 131 137 139 149 151 157 163 167 173
233 ∇ → 233
31 ∇ → 31
521 523 541 547 557 563 569 571 577 587 593 599 601 607 613 617 619 631 641 643
37 41 43 47 53 59 61 67 71 73 79 83 89 97 101 103 107 109 113 127
457 461 463 467 479 487 491 499 503 509 521 523 541 547 557 563 569 571 577 587
673 677 683 691 701 709 719 727 733 739 743 751 757 761 769 773 787 797 809 811
359 367 373 379 383 389 397 401 409 419 421 431 433 439 443 449 457 461 463 467
Pattern ⛩ ∇ → 💠Pattern
409 419 421 431 433 439 443 449 457 461 463 467 479 487 491 499 503 509 521 523
188 173 156 138 121 108 101 100 106 117 133 152 169 185 195 199 197 188 175 157 139 122 109 101 100 105 116 132 150 168
181 190 197 199 199 194 187 176 164 151 138 125 114 106 101 100 101 107 115 126 139 152 165 177 187 195 199 199 196 190
26 ∇ → 2 13
523 541 547 557 563 569 571 577 587 593 599 601 607 613 617 619 631 641 643 647
Other ⛩ ∇ → 💠Other
193 199 195 180 159 135 115 102 100 109 127 150 173 191 199 196 183 163 139 118 104 100 107 124 146 169 188 198 198 186
152 159 165 171 176 181 186 190 193 196 198 199 199 199 198 196 193 190 186 181 176 170 164 158 152 146 139 133 128 122
491 499 503 509 521 523 541 547 557 563 569 571 577 587 593 599 601 607 613 617
991 997 1009 1013 1019 1021 1031 1033 1039 1049 1051 1061 1063 1069 1087 1091 1093 1097 1103 1109
863 877 881 883 887 907 911 919 929 937 941 947 953 967 971 977 983 991 997 1009
151 ∇ → 151
181 194 199 197 187 172 153 133 116 104 100 103 113 129 149 168 185 196 199 196 184 168 148 129 113 103 100 104 116 133
186 197 199 190 172 150 127 109 100 102 113 132 155 177 193 199 196 182 161 138 118 104 100 106 122 143 166 186 197 199
991 997 1009 1013 1019 1021 1031 1033 1039 1049 1051 1061 1063 1069 1087 1091 1093 1097 1103 1109
264 ∇ → 2 2 2 3 11
179 165 151 136 123 111 104 100 100 105 114 126 140 155 169 182 192 198 199 197 190 180 167 152 137 124 112 104 100 100
181 ∇ → 181
88 ∇ → 2 2 2 11
Chaos ⊗ Void → Pattern
557 563 569 571 577 587 593 599 601 607 613 617 619 631 641 643 647 653 659 661
967 971 977 983 991 997 1009 1013 1019 1021 1031 1033 1039 1049 1051 1061 1063 1069 1087 1091
290 ∇ → 2 5 29
389 397 401 409 419 421 431 433 439 443 449 457 461 463 467 479 487 491 499 503
184 188 192 195 197 199 199 199 198 197 194 191 187 183 178 172 167 160 154 148 141 135 129 124 118 114 109 106 103 101
617 619 631 641 643 647 653 659 661 673 677 683 691 701 709 719 727 733 739 743
Void ⛩ ∇ → 💠Void
419 421 431 433 439 443 449 457 461 463 467 479 487 491 499 503 509 521 523 541
709 719 727 733 739 743 751 757 761 769 773 787 797 809 811 821 823 827 829 839
470 ∇ → 2 5 47
307 311 313 317 331 337 347 349 353 359 367 373 379 383 389 397 401 409 419 421
191 183 173 162 150 138 126 116 108 103 100 100 103 108 116 126 138 150 162 173 183 191 196 199 199 196 190 182 172 161
821 823 827 829 839 853 857 859 863 877 881 883 887 907 911 919 929 937 941 947
839 853 857 859 863 877 881 883 887 907 911 919 929 937 941 947 953 967 971 977
199 198 196 194 192 189 185 181 177 173 168 163 158 153 148 143 138 133 128 123 119 115 112 108 106 103 102 100 100 100
191 186 180 173 166 158 150 141 134 126 119 113 108 104 101 100 100 101 103 107 112 118 125 132 140 148 156 164 172 179
Void ⊗ Other → Pattern
399 ∇ → 3 7 19
290 ∇ → 2 5 29
188 198 198 186 167 143 121 106 100 105 120 141 165 185 197 199 189 171 148 125 108 100 103 116 137 160 182 196 199 192
403 ∇ → 13 31
659 661 673 677 683 691 701 709 719 727 733 739 743 751 757 761 769 773 787 797
Void ⛩ ∇ → 💠Void
491 499 503 509 521 523 541 547 557 563 569 571 577 587 593 599 601 607 613 617
127 131 137 139 149 151 157 163 167 173 179 181 191 193 197 199 211 223 227 229
Chaos ⊗ Other → Pattern
492 ∇ → 2 2 3 41
Light ⛩ ∇ → 💠Light
189 ∇ → 3 3 3 7
182 171 159 145 133 121 111 104 100 100 103 109 118 129 142 155 168 179 189 195 199 199 196 189 180 169 156 143 130 119
161 146 131 118 108 101 100 102 110 121 135 150 165 179 190 197 199 198 191 181 167 152 137 123 111 103 100 101 106 116
180 192 199 198 191 178 161 143 125 111 102 100 104 115 130 149 167 183 194 199 198 189 175 158 139 122 109 101 100 106
195 199 194 181 161 139 120 105 100 103 116 134 156 177 192 199 197 186 168 146 126 109 100 101 111 128 149 170 188 198
162 176 186 194 199 199 196 188 178 165 151 137 124 113 105 100 100 103 110 121 133 147 161 174 186 194 199 199 196 189
Chaos ⊗ Void → Pattern
173 188 197 199 195 185 170 152 134 118 106 100 101 108 121 138 156 174 188 197 199 195 185 169 151 133 117 106 100 101
198 198 190 174 153 132 114 103 100 105 119 138 160 179 193 199 197 185 168 147 126 110 101 100 109 125 145 166 184 196
176 191 199 198 188 171 150 129 112 102 100 107 122 142 163 182 195 199 195 183 165 143 123 108 100 101 111 128 148 169
Light ⊗ Self → Pattern
277 281 283 293 307 311 313 317 331 337 347 349 353 359 367 373 379 383 389 397
405 ∇ → 3 3 3 3 5
Self ⛩ ∇ → 💠Self
Light ⊗ Void → Pattern
154 160 165 170 175 179 183 187 191 193 196 198 199 199 199 199 198 196 194 191 188 184 180 176 171 166 161 156 150 145
185 194 199 199 196 188 178 165 150 136 122 111 104 100 100 105 113 125 138 153 167 180 190 197 199 198 192 183 171 157
257 263 269 271 277 281 283 293 307 311 313 317 331 337 347 349 353 359 367 373
887 907 911 919 929 937 941 947 953 967 971 977 983 991 997 1009 1013 1019 1021 1031
430 ∇ → 2 5 43
877 881 883 887 907 911 919 929 937 941 947 953 967 971 977 983 991 997 1009 1013
Self ⊗ Self → Resonance
Other ⊗ Light → Pattern
183 ∇ → 3 61
187 193 197 199 199 198 194 189 182 174 165 155 145 135 126 118 111 105 102 100 100 102 106 112 119 127 136 146 156 166
Void ⛩ ∇ → 💠Void
877 881 883 887 907 911 919 929 937 941 947 953 967 971 977 983 991 997 1009 1013
192 184 173 160 146 133 120 110 103 100 100 104 111 121 134 147 161 173 184 193 198 199 197 191 182 171 158 144 131 119
Void ⊗ Pattern → Pattern
307 311 313 317 331 337 347 349 353 359 367 373 379 383 389 397 401 409 419 421
120 ∇ → 2 2 2 3 5
158 169 179 188 194 198 199 198 194 187 179 168 157 145 134 123 114 107 102 100 100 104 109 117 127 138 150 162 173 182
463 467 479 487 491 499 503 509 521 523 541 547 557 563 569 571 577 587 593 599
199 193 178 157 135 115 103 100 106 121 142 164 183 196 199 193 178 157 135 116 103 100 106 121 142 164 183 196 199 193
Light ⊗ Chaos → Pattern
Light ⊗ Chaos → Pattern
Self ⊗ Light → Pattern
196 199 194 181 163 143 123 108 100 101 109 124 144 164 182 195 199 196 184 167 147 127 111 101 100 107 121 140 160 179
479 487 491 499 503 509 521 523 541 547 557 563 569 571 577 587 593 599 601 607
45 ∇ → 3 3 5
448 ∇ → 2 2 2 2 2 2 7
344 ∇ → 2 2 2 43
438 ∇ → 2 3 73
Light ⊗ Chaos → Pattern
719 727 733 739 743 751 757 761 769 773 787 797 809 811 821 823 827 829 839 853
18 ∇ → 2 3 3
277 281 283 293 307 311 313 317 331 337 347 349 353 359 367 373 379 383 389 397
Pattern ⛩ ∇ → 💠Pattern
184 178 171 164 156 148 140 133 126 119 113 108 104 102 100 100 100 102 105 110 115 121 128 135 143 150 158 166 173 180
Chaos ⊗ Void → Pattern
Void ⊗ Self → Pattern
376 ∇ → 2 2 2 47
991 997 1009 1013 1019 1021 1031 1033 1039 1049 1051 1061 1063 1069 1087 1091 1093 1097 1103 1109
19 23 29 31 37 41 43 47 53 59 61 67 71 73 79 83 89 97 101 103
157 163 167 173 179 181 191 193 197 199 211 223 227 229 233 239 241 251 257 263
271 ∇ → 271
490 ∇ → 2 5 7 7
739 743 751 757 761 769 773 787 797 809 811 821 823 827 829 839 853 857 859 863
191 193 197 199 211 223 227 229 233 239 241 251 257 263 269 271 277 281 283 293
170 160 150 140 131 122 114 108 103 100 100 101 104 109 115 123 132 142 151 161 171 179 187 193 197 199 199 198 194 189
194 ∇ → 2 97
787 797 809 811 821 823 827 829 839 853 857 859 863 877 881 883 887 907 911 919
127 131 137 139 149 151 157 163 167 173 179 181 191 193 197 199 211 223 227 229
22 ∇ → 2 11
Chaos ⛩ ∇ → 💠Chaos
184 ∇ → 2 2 2 23
386 ∇ → 2 193
Self ⛩ ∇ → 💠Self
174 159 143 128 114 105 100 100 106 116 130 145 162 176 188 196 199 197 190 179 164 148 132 118 107 101 100 104 113 125
188 193 197 199 199 198 196 191 186 179 171 162 153 144 135 127 119 112 107 103 100 100 100 103 107 112 119 126 135 144
Other ⊗ Other → Resonance
126 ∇ → 2 3 3 7
Light ⊗ Chaos → Pattern
424 ∇ → 2 2 2 53
773 787 797 809 811 821 823 827 829 839 853 857 859 863 877 881 883 887 907 911
Void ⊗ Chaos → Pattern
907 911 919 929 937 941 947 953 967 971 977 983 991 997 1009 1013 1019 1021 1031 1033
271 ∇ → 271
344 ∇ → 2 2 2 43
241 251 257 263 269 271 277 281 283 293 307 311 313 317 331 337 347 349 353 359
293 307 311 313 317 331 337 347 349 353 359 367 373 379 383 389 397 401 409 419
Void ⊗ Light → Pattern
Chaos ⛩ ∇ → 💠Chaos
230 ∇ → 2 5 23
170 150 131 114 103 100 104 116 133 153 172 188 197 199 193 180 162 142 123 109 101 100 108 122 141 161 179 192 199 198
409 419 421 431 433 439 443 449 457 461 463 467 479 487 491 499 503 509 521 523
181 195 199 195 181 161 139 119 105 100 104 117 137 159 179 194 199 195 182 163 141 120 106 100 103 116 135 157 178 193
Light ⊗ Other → Pattern
Pattern ⊗ Other → Pattern
157 172 185 194 199 199 193 183 170 155 139 124 112 103 100 101 108 118 132 148 164 178 190 197 199 197 189 178 163 148
739 743 751 757 761 769 773 787 797 809 811 821 823 827 829 839 853 857 859 863
236 ∇ → 2 2 59
Void ⊗ Self → Pattern
122 ∇ → 2 61
401 ∇ → 401
457 461 463 467 479 487 491 499 503 509 521 523 541 547 557 563 569 571 577 587
179 181 191 193 197 199 211 223 227 229 233 239 241 251 257 263 269 271 277 281
392 ∇ → 2 2 2 7 7
367 373 379 383 389 397 401 409 419 421 431 433 439 443 449 457 461 463 467 479
199 196 188 178 165 151 136 123 112 104 100 100 104 112 123 136 151 165 178 188 196 199 199 194 186 174 161 146 132 120
471 ∇ → 3 157
Void ⛩ ∇ → 💠Void
36 ∇ → 2 2 3 3
47 ∇ → 47
194 199 199 193 182 167 151 134 119 108 101 100 104 114 127 143 160 176 188 197 199 197 189 176 161 144 128 114 104 100
199 197 184 163 138 117 103 100 109 128 152 176 193 199 194 178 155 131 111 100 102 115 136 161 182 196 199 190 171 147
Self ⛩ ∇ → 💠Self
41 ∇ → 41
Pattern ⊗ Pattern → Resonance
446 ∇ → 2 223
153 147 141 135 130 124 119 115 111 107 104 102 101 100 100 100 101 103 106 109 113 117 122 127 133 138 144 150 156 162
332 ∇ → 2 2 83
1009 1013 1019 1021 1031 1033 1039 1049 1051 1061 1063 1069 1087 1091 1093 1097 1103 1109 1117 1123
Pattern ⛩ ∇ → 💠Pattern
113 127 131 137 139 149 151 157 163 167 173 179 181 191 193 197 199 211 223 227
489 ∇ → 3 163
187 183 178 173 167 162 156 150 144 138 132 126 121 116 112 108 105 103 101 100 100 100 101 103 105 108 112 116 121 126
53 ∇ → 53
617 619 631 641 643 647 653 659 661 673 677 683 691 701 709 719 727 733 739 743
173 153 132 115 103 100 105 118 136 157 177 191 199 198 188 172 151 131 114 102 100 106 119 138 159 178 192 199 197 187
Chaos ⛩ ∇ → 💠Chaos
176 157 137 118 105 100 102 113 130 150 170 186 197 199 194 180 162 142 122 108 100 101 110 125 145 165 183 195 199 196
Pattern ⊗ Light → Pattern
312 ∇ → 2 2 2 3 13
239 ∇ → 239
164 141 119 104 100 106 122 144 168 187 198 198 187 168 145 123 106 100 104 119 140 164 184 197 199 190 172 149 126 109
701 709 719 727 733 739 743 751 757 761 769 773 787 797 809 811 821 823 827 829
198 199 199 196 192 185 178 169 160 150 140 131 122 114 108 103 100 100 100 103 108 114 122 131 140 150 160 169 178 185
436 ∇ → 2 2 109
188 174 157 139 122 109 101 100 105 115 130 148 166 181 193 199 198 192 179 163 145 128 113 103 100 102 111 124 141 159
Void ⊗ Light → Pattern
283 ∇ → 283
491 499 503 509 521 523 541 547 557 563 569 571 577 587 593 599 601 607 613 617
Chaos ⛩ ∇ → 💠Chaos
154 134 116 104 100 103 114 131 150 170 186 197 199 194 181 164 144 125 110 101 100 107 122 140 160 179 192 199 198 189
205 ∇ → 5 41
503 509 521 523 541 547 557 563 569 571 577 587 593 599 601 607 613 617 619 631
160 152 144 136 128 121 115 109 105 102 100 100 100 102 106 110 116 123 130 138 146 154 162 170 177 184 189 194 197 199
107 ∇ → 107
196 184 165 144 124 108 100 101 111 129 150 171 188 198 199 191 175 155 133 115 103 100 106 120 139 161 180 194 199 196
183 172 160 147 134 122 112 104 100 100 103 109 118 130 143 156 169 180 190 196 199 199 195 188 178 166 153 139 127 116
Other ⊗ Self → Pattern
497 ∇ → 7 71
317 ∇ → 317
170 181 190 196 199 199 195 187 178 166 153 140 127 116 108 102 100 101 105 113 123 135 148 161 173 184 192 198 199 198
641 643 647 653 659 661 673 677 683 691 701 709 719 727 733 739 743 751 757 761
55 ∇ → 5 11
Pattern ⊗ Chaos → Pattern
Light ⊗ Pattern → Pattern
199 198 191 178 162 143 126 111 102 100 103 114 129 146 165 181 193 199 198 191 179 162 144 126 112 102 100 103 113 128
61 67 71 73 79 83 89 97 101 103 107 109 113 127 131 137 139 149 151 157
195 199 194 179 159 137 117 104 100 105 119 140 162 182 195 199 194 180 160 137 118 104 100 105 119 139 161 181 195 199
Void ⛩ ∇ → 💠Void
191 185 178 169 160 151 142 133 124 117 110 105 102 100 100 101 105 110 116 123 132 141 150 160 168 177 184 190 195 198
Light ⛩ ∇ → 💠Light
491 499 503 509 521 523 541 547 557 563 569 571 577 587 593 599 601 607 613 617
919 929 937 941 947 953 967 971 977 983 991 997 1009 1013 1019 1021 1031 1033 1039 1049
166 ∇ → 2 83
155 148 140 133 127 121 115 110 106 103 101 100 100 101 103 106 109 114 120 126 132 139 147 154 161 168 174 180 186 190
719 727 733 739 743 751 757 761 769 773 787 797 809 811 821 823 827 829 839 853
355 ∇ → 5 71
402 ∇ → 2 3 67
359 367 373 379 383 389 397 401 409 419 421 431 433 439 443 449 457 461 463 467
178 ∇ → 2 89
158 150 143 135 128 122 116 111 107 103 101 100 100 101 103 106 110 115 121 128 134 142 149 157 164 171 178 183 189 193
953 967 971 977 983 991 997 1009 1013 1019 1021 1031 1033 1039 1049 1051 1061 1063 1069 1087
151 146 140 134 129 124 119 115 111 108 105 103 101 100 100 100 101 102 104 107 110 114 118 122 127 132 138 143 149 155
317 ∇ → 317
Pattern ⛩ ∇ → 💠Pattern
234 ∇ → 2 3 3 13
Chaos ⊗ Chaos → Resonance
199 199 195 189 181 170 159 146 134 123 114 106 101 100 101 105 112 121 132 143 156 168 178 188 194 198 199 198 193 185
563 569 571 577 587 593 599 601 607 613 617 619 631 641 643 647 653 659 661 673
198 ∇ → 2 3 3 11
188 194 198 199 198 194 187 178 167 155 143 132 121 112 105 101 100 101 105 112 121 131 143 155 166 177 186 193 198 199
407 ∇ → 11 37
8 ∇ → 2 2 2
191 193 197 199 211 223 227 229 233 239 241 251 257 263 269 271 277 281 283 293
180 168 154 140 127 115 107 101 100 102 108 117 128 142 156 169 181 191 197 199 198 193 185 174 160 147 133 121 110 103
178 168 158 147 136 126 117 110 104 101 100 101 104 110 117 126 136 147 157 168 177 186 192 197 199 199 197 192 186 178
364 ∇ → 2 2 7 13
167 184 195 199 196 184 167 147 128 112 102 100 106 119 136 157 175 190 198 199 191 177 158 138 119 106 100 102 111 127
Self ⛩ ∇ → 💠Self
317 331 337 347 349 353 359 367 373 379 383 389 397 401 409 419 421 431 433 439
199 199 197 195 191 187 183 177 172 165 159 153 146 139 133 127 121 116 111 107 104 102 100 100 100 101 103 105 109 113
Void ⛩ ∇ → 💠Void
701 709 719 727 733 739 743 751 757 761 769 773 787 797 809 811 821 823 827 829
90 ∇ → 2 3 3 5
71 ∇ → 71
719 727 733 739 743 751 757 761 769 773 787 797 809 811 821 823 827 829 839 853
389 397 401 409 419 421 431 433 439 443 449 457 461 463 467 479 487 491 499 503
405 ∇ → 3 3 3 3 5
587 593 599 601 607 613 617 619 631 641 643 647 653 659 661 673 677 683 691 701
587 593 599 601 607 613 617 619 631 641 643 647 653 659 661 673 677 683 691 701
719 727 733 739 743 751 757 761 769 773 787 797 809 811 821 823 827 829 839 853
240 ∇ → 2 2 2 2 3 5
151 166 180 191 197 199 197 189 178 164 148 133 119 108 102 100 102 110 121 135 151 166 180 191 197 199 197 189 178 164
607 613 617 619 631 641 643 647 653 659 661 673 677 683 691 701 709 719 727 733
Light ⊗ Other → Pattern
124 ∇ → 2 2 31
176 167 156 146 135 126 117 110 104 101 100 100 104 109 116 124 134 144 155 165 175 183 190 195 199 199 198 195 189 182
433 ∇ → 433
454 ∇ → 2 227
62 ∇ → 2 31
Chaos ⛩ ∇ → 💠Chaos
184 196 199 192 175 154 131 112 101 100 110 127 150 172 189 199 198 187 168 145 123 107 100 103 115 135 158 179 194 199
Other ⊗ Other → Resonance
101 103 107 109 113 127 131 137 139 149 151 157 163 167 173 179 181 191 193 197
343 ∇ → 7 7 7
Light ⛩ ∇ → 💠Light
316 ∇ → 2 2 79
821 823 827 829 839 853 857 859 863 877 881 883 887 907 911 919 929 937 941 947
358 ∇ → 2 179
165 145 126 110 101 100 107 122 141 161 179 193 199 197 187 171 151 131 114 103 100 104 117 135 155 175 190 198 199 191
197 199 189 169 145 122 105 100 106 123 147 171 190 199 196 182 160 135 114 102 101 112 132 156 179 195 199 192 174 150
350 ∇ → 2 5 5 7
155 ∇ → 5 31
907 911 919 929 937 941 947 953 967 971 977 983 991 997 1009 1013 1019 1021 1031 1033
198 196 194 191 187 184 180 175 170 165 160 155 149 144 139 133 128 124 119 115 111 108 105 103 101 100 100 100 100 101
306 ∇ → 2 3 3 17
Void ⊗ Chaos → Pattern
Other ⛩ ∇ → 💠Other
Pattern ⛩ ∇ → 💠Pattern
106 ∇ → 2 53
359 367 373 379 383 389 397 401 409 419 421 431 433 439 443 449 457 461 463 467
Light ⛩ ∇ → 💠Light
175 192 199 195 181 160 136 115 102 100 109 127 150 173 191 199 196 183 161 138 116 103 100 108 126 149 172 190 199 197
126 ∇ → 2 3 3 7
184 169 152 134 119 107 100 100 106 118 133 151 168 183 194 199 198 191 178 162 144 127 113 103 100 102 111 124 141 158
182 167 150 133 118 107 101 100 105 116 130 147 164 179 191 198 199 195 185 171 154 137 121 109 101 100 104 113 127 143
181 166 148 131 116 105 100 101 107 119 135 152 169 184 194 199 198 191 179 163 145 129 114 104 100 101 109 121 137 155
44 ∇ → 2 2 11
94 ∇ → 2 47
431 433 439 443 449 457 461 463 467 479 487 491 499 503 509 521 523 541 547 557
207 ∇ → 3 3 23
757 761 769 773 787 797 809 811 821 823 827 829 839 853 857 859 863 877 881 883
404 ∇ → 2 2 101
Chaos ⛩ ∇ → 💠Chaos
Chaos ⛩ ∇ → 💠Chaos
150 144 138 132 127 122 117 113 109 106 103 101 100 100 100 101 102 105 108 111 115 120 125 130 136 142 148 154 160 165
Pattern ⛩ ∇ → 💠Pattern
176 170 164 158 151 144 138 131 125 120 115 110 106 103 101 100 100 100 101 103 106 110 115 120 125 131 138 144 151 158
Void ⊗ Pattern → Pattern
237 ∇ → 3 79
23 29 31 37 41 43 47 53 59 61 67 71 73 79 83 89 97 101 103 107
171 ∇ → 3 3 19
195 186 175 162 147 133 120 110 103 100 101 106 115 127 141 156 170 182 192 198 199 197 191 181 169 154 140 126 114 106
787 797 809 811 821 823 827 829 839 853 857 859 863 877 881 883 887 907 911 919
Void ⊗ Light → Pattern
154 165 176 184 192 197 199 199 197 192 185 176 166 155 144 133 123 114 107 102 100 100 103 108 115 124 134 145 156 167
419 421 431 433 439 443 449 457 461 463 467 479 487 491 499 503 509 521 523 541
361 ∇ → 19 19
727 733 739 743 751 757 761 769 773 787 797 809 811 821 823 827 829 839 853 857
308 ∇ → 2 2 7 11
166 ∇ → 2 83
183 194 199 198 192 179 164 146 129 114 104 100 101 109 122 138 156 173 187 196 199 197 188 175 158 140 124 111 102 100
Chaos ⛩ ∇ → 💠Chaos
370 ∇ → 2 5 37
Pattern ⛩ ∇ → 💠Pattern
184 196 199 194 182 163 142 122 108 100 101 111 127 148 168 186 197 199 193 180 161 140 120 106 100 102 113 130 150 171
192 197 199 199 196 191 184 174 164 152 141 130 120 112 105 101 100 101 104 110 119 128 139 151 162 173 182 190 196 199
Chaos ⛩ ∇ → 💠Chaos
Pattern ⛩ ∇ → 💠Pattern
194 186 177 165 153 140 128 117 109 103 100 100 103 110 119 130 142 154 167 178 187 194 198 199 197 192 184 174 162 149
883 887 907 911 919 929 937 941 947 953 967 971 977 983 991 997 1009 1013 1019 1021
177 187 194 198 199 197 191 182 171 159 146 133 121 111 104 100 100 103 109 118 129 142 155 168 179 189 195 199 199 196
307 311 313 317 331 337 347 349 353 359 367 373 379 383 389 397 401 409 419 421
Self ⊗ Light → Pattern
450 ∇ → 2 3 3 5 5
158 ∇ → 2 79
327 ∇ → 3 109
Chaos ⛩ ∇ → 💠Chaos
727 733 739 743 751 757 761 769 773 787 797 809 811 821 823 827 829 839 853 857
207 ∇ → 3 3 23
218 ∇ → 2 109
Pattern ⛩ ∇ → 💠Pattern
97 101 103 107 109 113 127 131 137 139 149 151 157 163 167 173 179 181 191 193
Light ⛩ ∇ → 💠Light
183 190 195 198 199 199 196 192 186 179 170 160 151 141 131 122 115 108 103 100 100 100 103 108 115 122 131 141 151 160
Self ⊗ Pattern → Pattern
Light ⊗ Chaos → Pattern
853 857 859 863 877 881 883 887 907 911 919 929 937 941 947 953 967 971 977 983
701 709 719 727 733 739 743 751 757 761 769 773 787 797 809 811 821 823 827 829
36 ∇ → 2 2 3 3
48 ∇ → 2 2 2 2 3
829 839 853 857 859 863 877 881 883 887 907 911 919 929 937 941 947 953 967 971
199 194 186 173 159 143 128 116 106 101 100 104 112 124 138 154 169 182 192 198 199 196 188 177 163 147 132 119 108 101
929 937 941 947 953 967 971 977 983 991 997 1009 1013 1019 1021 1031 1033 1039 1049 1051
197 ∇ → 197
198 195 191 186 180 173 165 157 149 141 133 126 119 113 108 104 101 100 100 101 103 107 112 118 125 132 140 148 156 164
Void ⊗ Chaos → Pattern
199 199 198 196 193 188 182 176 169 161 153 145 137 129 122 116 110 106 102 100 100 100 102 105 109 114 121 128 135 143
328 ∇ → 2 2 2 41
Pattern ⛩ ∇ → 💠Pattern
Light ⊗ Light → Resonance
307 311 313 317 331 337 347 349 353 359 367 373 379 383 389 397 401 409 419 421
185 193 198 199 197 191 181 170 156 143 129 118 108 102 100 101 106 114 125 138 152 166 178 188 195 199 199 195 188 178
176 168 159 150 141 133 125 117 111 106 102 100 100 100 103 107 112 119 126 134 143 152 161 169 177 184 190 194 198 199
811 821 823 827 829 839 853 857 859 863 877 881 883 887 907 911 919 929 937 941
Chaos ⊗ Void → Pattern
375 ∇ → 3 5 5 5
458 ∇ → 2 229
929 937 941 947 953 967 971 977 983 991 997 1009 1013 1019 1021 1031 1033 1039 1049 1051
176 184 191 196 199 199 198 194 188 180 171 161 150 139 129 120 112 106 102 100 100 103 107 114 122 132 142 153 164 173
199 192 179 162 144 126 111 102 100 104 115 131 149 167 183 194 199 197 188 174 157 138 121 108 101 100 107 119 136 155
195 198 199 198 195 189 181 171 161 150 139 128 119 111 105 101 100 101 104 110 117 127 137 148 159 170 179 187 194 198
430 ∇ → 2 5 43
183 194 199 199 193 182 168 151 135 120 108 101 100 104 113 127 143 160 175 188 196 199 197 189 177 161 144 128 114 105
76 ∇ → 2 2 19
773 787 797 809 811 821 823 827 829 839 853 857 859 863 877 881 883 887 907 911
195 181 159 134 114 101 101 111 131 155 177 194 199 194 177 155 131 111 101 102 114 134 159 181 195 199 192 174 151 127
403 ∇ → 13 31
Chaos ⊗ Pattern → Pattern
199 198 192 183 170 156 141 127 115 106 100 100 104 111 123 136 151 166 179 190 197 199 198 192 182 169 155 140 126 114
Light ⊗ Other → Pattern
541 547 557 563 569 571 577 587 593 599 601 607 613 617 619 631 641 643 647 653
727 733 739 743 751 757 761 769 773 787 797 809 811 821 823 827 829 839 853 857
709 719 727 733 739 743 751 757 761 769 773 787 797 809 811 821 823 827 829 839
199 194 182 164 144 124 109 101 100 108 122 141 161 179 193 199 197 188 172 152 132 115 104 100 104 115 132 152 172 188
673 677 683 691 701 709 719 727 733 739 743 751 757 761 769 773 787 797 809 811
108 ∇ → 2 2 3 3 3
289 ∇ → 17 17
101 103 107 109 113 127 131 137 139 149 151 157 163 167 173 179 181 191 193 197
241 251 257 263 269 271 277 281 283 293 307 311 313 317 331 337 347 349 353 359
Light ⛩ ∇ → 💠Light
977 983 991 997 1009 1013 1019 1021 1031 1033 1039 1049 1051 1061 1063 1069 1087 1091 1093 1097
165 ∇ → 3 5 11
158 179 194 199 195 181 160 138 118 104 100 105 120 141 164 184 196 199 192 176 155 132 113 102 100 109 125 147 169 188
419 421 431 433 439 443 449 457 461 463 467 479 487 491 499 503 509 521 523 541
719 727 733 739 743 751 757 761 769 773 787 797 809 811 821 823 827 829 839 853
398 ∇ → 2 199
Chaos ⊗ Void → Pattern
47 ∇ → 47
Chaos ⊗ Void → Pattern
183 193 199 199 193 181 167 150 133 118 107 101 100 105 115 130 146 163 179 191 198 199 195 186 172 155 138 123 110 102
14 ∇ → 2 7
Pattern ⊗ Chaos → Pattern
223 227 229 233 239 241 251 257 263 269 271 277 281 283 293 307 311 313 317 331
470 ∇ → 2 5 47
Light ⊗ Void → Pattern
293 307 311 313 317 331 337 347 349 353 359 367 373 379 383 389 397 401 409 419
Self ⛩ ∇ → 💠Self
Void ⊗ Light → Pattern
182 160 135 114 101 101 112 132 156 179 195 199 192 174 150 126 108 100 104 119 141 166 186 198 198 186 165 141 118 103
Self ⊗ Other → Pattern
194 198 199 198 194 188 179 169 157 146 134 123 114 107 102 100 100 103 109 117 127 138 149 161 172 182 190 196 199 199
541 547 557 563 569 571 577 587 593 599 601 607 613 617 619 631 641 643 647 653
412 ∇ → 2 2 103
164 140 119 104 100 107 124 147 170 189 199 197 184 164 140 118 104 100 107 125 148 171 190 199 197 184 163 139 117 103
Light ⛩ ∇ → 💠Light
Self ⛩ ∇ → 💠Self
448 ∇ → 2 2 2 2 2 2 7
433 439 443 449 457 461 463 467 479 487 491 499 503 509 521 523 541 547 557 563
353 359 367 373 379 383 389 397 401 409 419 421 431 433 439 443 449 457 461 463
Chaos ⊗ Self → Pattern
82 ∇ → 2 41
498 ∇ → 2 3 83
907 911 919 929 937 941 947 953 967 971 977 983 991 997 1009 1013 1019 1021 1031 1033
72 ∇ → 2 2 2 3 3
229 ∇ → 229
179 169 157 145 134 123 113 106 101 100 101 104 111 120 130 142 154 165 176 186 193 198 199 198 195 188 180 169 158 145
569 571 577 587 593 599 601 607 613 617 619 631 641 643 647 653 659 661 673 677
Void ⛩ ∇ → 💠Void
166 150 134 120 109 102 100 103 110 122 137 153 169 182 192 198 199 195 186 173 158 142 127 114 105 100 100 106 116 129
134 ∇ → 2 67
196 193 188 182 176 169 161 153 145 137 129 122 115 110 105 102 100 100 100 102 105 110 115 122 129 137 145 153 161 169
276 ∇ → 2 2 3 23
199 195 180 158 135 114 102 100 110 129 152 175 192 199 195 180 159 135 114 102 100 110 129 152 175 192 199 195 181 159
Void ⊗ Self → Pattern
Void ⊗ Other → Pattern
Void ⛩ ∇ → 💠Void
991 997 1009 1013 1019 1021 1031 1033 1039 1049 1051 1061 1063 1069 1087 1091 1093 1097 1103 1109
Chaos ⊗ Light → Pattern
571 577 587 593 599 601 607 613 617 619 631 641 643 647 653 659 661 673 677 683
593 599 601 607 613 617 619 631 641 643 647 653 659 661 673 677 683 691 701 709
127 ∇ → 127
Pattern ⛩ ∇ → 💠Pattern
198 199 199 198 195 191 186 179 172 164 155 146 138 130 122 115 109 105 102 100 100 101 103 107 113 119 127 135 143 152
Light ⊗ Light → Resonance
150 161 172 181 189 195 199 199 198 194 187 179 169 158 147 135 125 116 108 103 100 100 102 107 113 122 132 143 155 166
Self ⛩ ∇ → 💠Self
607 613 617 619 631 641 643 647 653 659 661 673 677 683 691 701 709 719 727 733
239 241 251 257 263 269 271 277 281 283 293 307 311 313 317 331 337 347 349 353
83 89 97 101 103 107 109 113 127 131 137 139 149 151 157 163 167 173 179 181
Light ⊗ Other → Pattern
254 ∇ → 2 127
390 ∇ → 2 3 5 13
719 727 733 739 743 751 757 761 769 773 787 797 809 811 821 823 827 829 839 853
541 547 557 563 569 571 577 587 593 599 601 607 613 617 619 631 641 643 647 653
Other ⊗ Void → Pattern
150 170 187 197 199 194 181 163 142 123 109 101 101 109 123 143 163 181 194 199 197 186 170 150 130 114 103 100 105 117
99 ∇ → 3 3 11
314 ∇ → 2 157
168 163 158 153 148 143 138 133 128 124 120 116 112 109 106 104 102 101 100 100 100 100 102 103 105 108 111 115 118 122
361 ∇ → 19 19
199 190 173 150 128 110 100 102 113 133 156 178 193 199 195 180 159 135 115 102 100 108 125 148 171 189 199 198 186 167
485 ∇ → 5 97
54 ∇ → 2 3 3 3
23 29 31 37 41 43 47 53 59 61 67 71 73 79 83 89 97 101 103 107
181 176 171 165 160 154 148 142 136 130 125 120 115 111 107 104 102 101 100 100 100 101 103 106 109 113 118 123 128 134
Light ⛩ ∇ → 💠Light
387 ∇ → 3 3 43
177 158 138 120 107 100 101 110 124 143 163 181 193 199 197 188 173 154 134 117 105 100 102 113 129 148 167 184 195 199
179 158 136 116 103 100 107 122 143 166 185 197 199 191 175 153 131 112 101 100 110 127 149 171 189 198 198 188 170 148
109 113 127 131 137 139 149 151 157 163 167 173 179 181 191 193 197 199 211 223
239 241 251 257 263 269 271 277 281 283 293 307 311 313 317 331 337 347 349 353
175 179 184 187 191 194 196 198 199 199 199 199 197 195 193 190 186 182 178 173 168 163 158 152 147 141 136 130 125 121
149 151 157 163 167 173 179 181 191 193 197 199 211 223 227 229 233 239 241 251
460 ∇ → 2 2 5 23
194 184 170 154 137 122 110 102 100 103 111 124 140 156 172 186 195 199 198 191 180 165 148 132 118 107 101 100 105 115
439 443 449 457 461 463 467 479 487 491 499 503 509 521 523 541 547 557 563 569
18 ∇ → 2 3 3
773 787 797 809 811 821 823 827 829 839 853 857 859 863 877 881 883 887 907 911
107 109 113 127 131 137 139 149 151 157 163 167 173 179 181 191 193 197 199 211
161 168 175 182 187 192 196 198 199 199 198 196 192 188 182 176 169 161 154 146 138 131 124 117 112 107 103 101 100 100
Other ⊗ Chaos → Pattern
175 179 184 188 191 194 196 198 199 199 199 198 197 195 192 189 185 181 176 171 166 161 155 149 144 138 133 127 122 118
265 ∇ → 5 53
373 379 383 389 397 401 409 419 421 431 433 439 443 449 457 461 463 467 479 487
Light ⛩ ∇ → 💠Light
Void ⛩ ∇ → 💠Void
Other ⛩ ∇ → 💠Other
463 467 479 487 491 499 503 509 521 523 541 547 557 563 569 571 577 587 593 599
Pattern ⊗ Pattern → Resonance
277 ∇ → 277
97 ∇ → 97
98 ∇ → 2 7 7
106 ∇ → 2 53
Other ⊗ Chaos → Pattern
Void ⛩ ∇ → 💠Void
293 307 311 313 317 331 337 347 349 353 359 367 373 379 383 389 397 401 409 419
947 953 967 971 977 983 991 997 1009 1013 1019 1021 1031 1033 1039 1049 1051 1061 1063 1069
172 ∇ → 2 2 43
166 176 185 191 196 199 199 197 193 187 179 169 159 148 137 127 118 110 105 101 100 100 104 109 117 125 135 146 157 168
479 487 491 499 503 509 521 523 541 547 557 563 569 571 577 587 593 599 601 607
364 ∇ → 2 2 7 13
Pattern ⛩ ∇ → 💠Pattern
Light ⛩ ∇ → 💠Light
169 153 137 122 110 102 100 102 110 121 136 152 168 182 192 198 199 195 186 173 157 141 126 113 104 100 101 107 118 132
797 809 811 821 823 827 829 839 853 857 859 863 877 881 883 887 907 911 919 929
184 196 199 194 181 163 142 122 107 100 101 111 128 149 169 186 197 199 193 178 159 138 119 105 100 103 114 132 152 173
467 479 487 491 499 503 509 521 523 541 547 557 563 569 571 577 587 593 599 601
5 7 11 13 17 19 23 29 31 37 41 43 47 53 59 61 67 71 73 79
203 ∇ → 7 29
199 198 193 184 173 160 146 133 121 111 103 100 100 104 111 122 134 148 161 174 185 193 198 199 197 191 181 169 156 142
439 ∇ → 439
Void ⛩ ∇ → 💠Void
163 167 173 179 181 191 193 197 199 211 223 227 229 233 239 241 251 257 263 269
184 ∇ → 2 2 2 23
Other ⊗ Other → Resonance
156 167 178 186 193 198 199 199 195 189 181 171 160 148 137 126 116 109 103 100 100 102 107 114 123 134 145 157 168 178
Pattern ⊗ Chaos → Pattern
487 491 499 503 509 521 523 541 547 557 563 569 571 577 587 593 599 601 607 613
199 199 196 192 186 178 170 160 150 140 130 121 114 107 103 100 100 101 104 110 116 125 134 144 154 164 173 181 188 194
32 ∇ → 2 2 2 2 2
457 461 463 467 479 487 491 499 503 509 521 523 541 547 557 563 569 571 577 587
276 ∇ → 2 2 3 23
Pattern ⊗ Void → Pattern
192 ∇ → 2 2 2 2 2 2 3
339 ∇ → 3 113
919 929 937 941 947 953 967 971 977 983 991 997 1009 1013 1019 1021 1031 1033 1039 1049
464 ∇ → 2 2 2 2 29
449 457 461 463 467 479 487 491 499 503 509 521 523 541 547 557 563 569 571 577
Other ⊗ Self → Pattern
Self ⛩ ∇ → 💠Self
Void ⊗ Light → Pattern
34 ∇ → 2 17
364 ∇ → 2 2 7 13
Chaos ⛩ ∇ → 💠Chaos
186 193 198 199 198 193 185 175 163 151 138 126 116 107 102 100 101 105 112 121 133 145 158 170 181 190 196 199 199 196
171 180 188 194 198 199 199 196 192 185 177 168 157 147 136 127 118 110 105 101 100 100 103 108 115 123 133 143 154 164
739 743 751 757 761 769 773 787 797 809 811 821 823 827 829 839 853 857 859 863
Chaos ⛩ ∇ → 💠Chaos
641 643 647 653 659 661 673 677 683 691 701 709 719 727 733 739 743 751 757 761
411 ∇ → 3 137
Void ⊗ Pattern → Pattern
Light ⊗ Other → Pattern
331 337 347 349 353 359 367 373 379 383 389 397 401 409 419 421 431 433 439 443
397 401 409 419 421 431 433 439 443 449 457 461 463 467 479 487 491 499 503 509
80 ∇ → 2 2 2 2 5
162 ∇ → 2 3 3 3 3
Other ⊗ Chaos → Pattern
34 ∇ → 2 17
182 195 199 194 181 161 139 119 105 100 104 117 136 158 178 193 199 196 184 166 144 123 108 100 102 113 131 153 174 190
577 587 593 599 601 607 613 617 619 631 641 643 647 653 659 661 673 677 683 691
Void ⛩ ∇ → 💠Void
953 967 971 977 983 991 997 1009 1013 1019 1021 1031 1033 1039 1049 1051 1061 1063 1069 1087
487 491 499 503 509 521 523 541 547 557 563 569 571 577 587 593 599 601 607 613
156 162 167 173 178 182 187 190 193 196 198 199 199 199 198 197 195 192 188 184 180 175 170 164 158 152 146 141 135 129
174 154 133 115 103 100 105 119 138 159 179 193 199 197 186 168 147 127 110 101 100 109 124 144 166 184 196 199 194 181
433 ∇ → 433
222 ∇ → 2 3 37
393 ∇ → 3 131
Light ⛩ ∇ → 💠Light
198 198 187 169 146 124 107 100 103 116 136 160 180 195 199 193 178 156 133 114 102 100 109 126 149 171 189 199 197 186
Chaos ⊗ Other → Pattern
Void ⊗ Light → Pattern
Void ⛩ ∇ → 💠Void
193 ∇ → 193
315 ∇ → 3 3 5 7
198 199 191 176 157 137 119 106 100 102 112 128 147 167 184 196 199 195 183 166 146 126 111 101 100 107 120 139 159 178
Self ⛩ ∇ → 💠Self
Pattern ⛩ ∇ → 💠Pattern
58 ∇ → 2 29
47 ∇ → 47
177 181 185 189 192 194 196 198 199 199 199 199 198 196 194 191 188 184 180 176 171 166 161 156 151 145 140 135 130 125
Void ⊗ Other → Pattern
797 809 811 821 823 827 829 839 853 857 859 863 877 881 883 887 907 911 919 929
72 ∇ → 2 2 2 3 3
159 154 148 143 137 132 127 122 118 114 110 107 104 102 101 100 100 100 101 102 104 107 110 114 118 123 127 132 138 143
171 183 193 198 199 195 187 175 161 146 131 118 108 101 100 103 110 121 135 150 165 179 190 197 199 197 191 180 167 152
182 173 163 152 141 130 120 112 106 102 100 100 103 108 115 124 134 145 156 167 177 185 192 197 199 199 197 192 185 177
68 ∇ → 2 2 17
180 186 191 194 197 199 199 199 197 194 190 184 178 172 165 157 149 141 134 127 120 114 109 105 102 100 100 100 102 105
443 449 457 461 463 467 479 487 491 499 503 509 521 523 541 547 557 563 569 571
Void ⊗ Pattern → Pattern
31 ∇ → 31
Void ⊗ Light → Pattern
197 193 186 177 167 156 145 134 124 115 108 103 100 100 102 107 114 123 133 144 155 166 176 185 192 197 199 199 197 192
451 ∇ → 11 41
Other ⛩ ∇ → 💠Other
Light ⊗ Pattern → Pattern
839 853 857 859 863 877 881 883 887 907 911 919 929 937 941 947 953 967 971 977
170 186 196 199 195 184 167 148 129 113 103 100 104 115 132 151 170 186 196 199 195 183 167 147 128 113 102 100 104 116
607 613 617 619 631 641 643 647 653 659 661 673 677 683 691 701 709 719 727 733
246 ∇ → 2 3 41
683 691 701 709 719 727 733 739 743 751 757 761 769 773 787 797 809 811 821 823
Self ⊗ Chaos → Pattern
109 ∇ → 109
Self ⊗ Pattern → Pattern
41 ∇ → 41
Pattern ⊗ Self → Pattern
155 ∇ → 5 31
Self ⊗ Self → Resonance
937 941 947 953 967 971 977 983 991 997 1009 1013 1019 1021 1031 1033 1039 1049 1051 1061
160 179 194 199 196 184 165 143 123 107 100 102 113 131 152 173 190 198 198 189 172 151 129 112 101 100 108 124 145 166
Light ⛩ ∇ → 💠Light
20 ∇ → 2 2 5
199 196 189 178 165 150 135 121 110 103 100 101 107 117 129 144 159 173 185 194 199 199 195 186 175 161 146 131 118 108
347 ∇ → 347
151 169 184 195 199 197 188 174 156 138 121 108 101 100 107 119 136 154 172 187 196 199 196 186 171 153 134 118 106 100
Other ⊗ Pattern → Pattern
197 187 171 151 131 114 103 100 105 117 136 156 175 190 198 198 190 175 156 136 118 105 100 103 114 131 151 171 187 197
321 ∇ → 3 107
11 ∇ → 11
149 151 157 163 167 173 179 181 191 193 197 199 211 223 227 229 233 239 241 251
185 169 150 131 115 104 100 103 114 130 149 168 185 196 199 196 185 169 150 131 114 103 100 103 114 130 149 169 185 196
331 337 347 349 353 359 367 373 379 383 389 397 401 409 419 421 431 433 439 443
160 167 174 180 185 190 194 197 199 199 199 198 196 193 189 184 178 172 166 159 152 144 137 130 124 118 113 108 105 102
170 ∇ → 2 5 17
757 761 769 773 787 797 809 811 821 823 827 829 839 853 857 859 863 877 881 883
216 ∇ → 2 2 2 3 3 3
53 59 61 67 71 73 79 83 89 97 101 103 107 109 113 127 131 137 139 149
327 ∇ → 3 109
85 ∇ → 5 17
160 141 123 109 101 100 107 120 138 157 175 190 198 199 192 180 162 143 124 110 101 100 106 119 136 155 174 189 198 199
587 593 599 601 607 613 617 619 631 641 643 647 653 659 661 673 677 683 691 701
Other ⛩ ∇ → 💠Other
631 641 643 647 653 659 661 673 677 683 691 701 709 719 727 733 739 743 751 757
102 ∇ → 2 3 17
Self ⛩ ∇ → 💠Self
Chaos ⊗ Pattern → Pattern
557 563 569 571 577 587 593 599 601 607 613 617 619 631 641 643 647 653 659 661
Other ⊗ Pattern → Pattern
Pattern ⊗ Pattern → Resonance
408 ∇ → 2 2 2 3 17
496 ∇ → 2 2 2 2 31
853 857 859 863 877 881 883 887 907 911 919 929 937 941 947 953 967 971 977 983
Light ⛩ ∇ → 💠Light
Light ⛩ ∇ → 💠Light
161 145 129 115 105 100 100 106 116 130 147 163 178 190 197 199 196 188 175 160 144 128 114 105 100 101 107 117 131 148
Void ⛩ ∇ → 💠Void
827 829 839 853 857 859 863 877 881 883 887 907 911 919 929 937 941 947 953 967
193 198 199 199 196 191 183 174 164 153 142 132 122 113 107 102 100 100 102 107 114 123 133 143 154 165 175 184 191 196
Self ⛩ ∇ → 💠Self
709 719 727 733 739 743 751 757 761 769 773 787 797 809 811 821 823 827 829 839
182 186 189 193 195 197 199 199 199 199 198 196 194 191 187 183 179 174 169 164 158 153 147 142 136 131 126 121 116 112
197 192 184 174 163 152 140 128 118 110 104 100 100 102 106 114 123 134 145 157 169 179 188 194 198 199 198 193 187 178
184 188 192 195 197 198 199 199 199 197 195 192 189 185 180 175 170 164 158 152 146 140 134 128 122 117 113 109 106 103
285 ∇ → 3 5 19
366 ∇ → 2 3 61
190 198 199 191 177 159 139 121 107 100 101 109 124 142 162 180 193 199 198 188 173 154 135 117 105 100 102 112 128 147
186 182 177 172 167 161 156 150 144 138 133 128 123 118 114 110 107 104 102 100 100 100 100 101 103 105 108 112 116 121
Pattern ⊗ Pattern → Resonance
371 ∇ → 7 53
485 ∇ → 5 97
444 ∇ → 2 2 3 37
541 547 557 563 569 571 577 587 593 599 601 607 613 617 619 631 641 643 647 653
190 180 167 152 137 123 112 104 100 100 105 114 127 141 156 170 183 193 198 199 196 189 178 164 149 134 121 110 103 100
193 181 164 145 127 112 102 100 104 116 132 151 169 185 196 199 196 186 170 152 133 117 105 100 102 111 125 144 163 180
162 157 152 147 142 137 133 128 124 119 115 112 109 106 104 102 101 100 100 100 100 102 103 105 108 111 114 118 122 126
127 131 137 139 149 151 157 163 167 173 179 181 191 193 197 199 211 223 227 229
Light ⛩ ∇ → 💠Light
256 ∇ → 2 2 2 2 2 2 2 2
239 241 251 257 263 269 271 277 281 283 293 307 311 313 317 331 337 347 349 353
199 197 193 186 178 169 159 148 137 127 118 111 105 101 100 100 103 109 116 124 134 144 155 166 175 184 191 196 199 199
189 179 165 151 136 122 111 103 100 101 106 115 127 142 157 171 183 193 198 199 196 189 178 164 149 134 121 110 103 100
Self ⛩ ∇ → 💠Self
195 192 188 183 178 173 167 161 155 148 142 136 130 124 119 114 110 106 103 101 100 100 100 101 103 106 109 113 118 123
Chaos ⛩ ∇ → 💠Chaos
Other ⊗ Chaos → Pattern
541 547 557 563 569 571 577 587 593 599 601 607 613 617 619 631 641 643 647 653
244 ∇ → 2 2 61
307 311 313 317 331 337 347 349 353 359 367 373 379 383 389 397 401 409 419 421
195 191 188 183 178 173 167 161 155 148 142 136 130 124 119 114 110 106 103 101 100 100 100 101 103 106 109 113 118 123
193 198 199 198 195 188 180 170 158 147 135 124 115 107 102 100 100 103 109 117 127 138 150 162 173 183 191 196 199 199
195 199 195 181 162 140 120 106 100 103 115 134 155 176 191 199 197 186 169 147 126 110 101 101 110 127 148 170 187 198
Chaos ⊗ Other → Pattern
Chaos ⛩ ∇ → 💠Chaos
296 ∇ → 2 2 2 37
Chaos ⛩ ∇ → 💠Chaos
Self ⛩ ∇ → 💠Self
601 607 613 617 619 631 641 643 647 653 659 661 673 677 683 691 701 709 719 727
154 139 126 114 106 101 100 103 110 120 133 147 161 174 186 194 199 199 196 189 178 165 151 137 124 113 104 100 100 104
Void ⛩ ∇ → 💠Void
185 197 199 193 178 157 136 117 104 100 105 118 138 160 180 194 199 196 183 164 143 122 107 100 102 113 131 153 174 190
253 ∇ → 11 23
190 179 165 150 136 122 111 103 100 101 106 116 129 143 158 172 185 194 199 199 195 187 175 161 146 132 119 108 102 100
178 168 157 146 134 124 115 108 102 100 100 102 108 115 124 134 146 157 168 178 187 193 198 199 199 195 189 181 172 161
Pattern ⊗ Pattern → Resonance
Self ⊗ Light → Pattern
29 31 37 41 43 47 53 59 61 67 71 73 79 83 89 97 101 103 107 109
322 ∇ → 2 7 23
541 547 557 563 569 571 577 587 593 599 601 607 613 617 619 631 641 643 647 653
541 547 557 563 569 571 577 587 593 599 601 607 613 617 619 631 641 643 647 653
263 269 271 277 281 283 293 307 311 313 317 331 337 347 349 353 359 367 373 379
199 195 184 170 154 136 121 109 101 100 104 114 128 145 162 178 190 198 199 195 186 172 155 138 122 110 102 100 103 113
Light ⛩ ∇ → 💠Light
Void ⊗ Chaos → Pattern
Other ⛩ ∇ → 💠Other
161 148 135 123 113 106 101 100 101 106 114 124 136 149 162 174 184 192 197 199 198 194 186 176 165 152 139 127 116 108
659 661 673 677 683 691 701 709 719 727 733 739 743 751 757 761 769 773 787 797
256 ∇ → 2 2 2 2 2 2 2 2
442 ∇ → 2 13 17
Other ⛩ ∇ → 💠Other
Chaos ⊗ Pattern → Pattern
367 373 379 383 389 397 401 409 419 421 431 433 439 443 449 457 461 463 467 479
Void ⊗ Self → Pattern
Other ⛩ ∇ → 💠Other
263 269 271 277 281 283 293 307 311 313 317 331 337 347 349 353 359 367 373 379
146 ∇ → 2 73
23 29 31 37 41 43 47 53 59 61 67 71 73 79 83 89 97 101 103 107
Pattern ⊗ Chaos → Pattern
43 ∇ → 43
185 164 141 119 104 100 107 124 147 170 189 199 197 184 164 140 118 103 100 107 125 148 171 190 199 197 184 163 139 117
171 160 148 136 125 115 107 102 100 100 103 109 118 128 139 151 163 174 184 192 197 199 199 195 189 181 171 159 147 135
37 41 43 47 53 59 61 67 71 73 79 83 89 97 101 103 107 109 113 127
192 178 160 139 120 106 100 102 112 128 148 168 185 196 199 194 181 163 143 123 108 100 101 109 125 144 165 183 195 199
Pattern ⛩ ∇ → 💠Pattern
338 ∇ → 2 13 13
163 167 173 179 181 191 193 197 199 211 223 227 229 233 239 241 251 257 263 269
Pattern ⛩ ∇ → 💠Pattern
167 186 197 199 190 173 151 129 111 101 101 111 129 152 174 191 199 197 185 166 143 122 106 100 103 117 137 159 180 194
Light ⛩ ∇ → 💠Light
Void ⛩ ∇ → 💠Void
487 491 499 503 509 521 523 541 547 557 563 569 571 577 587 593 599 601 607 613
131 ∇ → 131
211 223 227 229 233 239 241 251 257 263 269 271 277 281 283 293 307 311 313 317
187 ∇ → 11 17
173 ∇ → 173
733 739 743 751 757 761 769 773 787 797 809 811 821 823 827 829 839 853 857 859
150 126 108 100 103 117 138 162 183 197 199 190 171 148 125 107 100 104 118 140 164 185 197 199 189 169 146 123 106 100
34 ∇ → 2 17
Light ⛩ ∇ → 💠Light
863 877 881 883 887 907 911 919 929 937 941 947 953 967 971 977 983 991 997 1009
184 169 152 135 119 107 100 100 106 117 133 150 168 183 194 199 198 191 179 163 146 128 114 104 100 102 110 123 139 157
Light ⛩ ∇ → 💠Light
Light ⛩ ∇ → 💠Light
79 83 89 97 101 103 107 109 113 127 131 137 139 149 151 157 163 167 173 179
401 409 419 421 431 433 439 443 449 457 461 463 467 479 487 491 499 503 509 521
Self ⊗ Self → Resonance
907 911 919 929 937 941 947 953 967 971 977 983 991 997 1009 1013 1019 1021 1031 1033
907 911 919 929 937 941 947 953 967 971 977 983 991 997 1009 1013 1019 1021 1031 1033
189 ∇ → 3 3 3 7
152 134 118 106 100 101 109 122 139 158 175 189 198 199 194 183 167 148 130 115 104 100 102 111 125 143 162 179 191 198
160 172 183 191 197 199 199 195 188 179 168 156 143 131 120 111 104 100 100 102 108 116 127 139 151 164 175 185 193 198
499 503 509 521 523 541 547 557 563 569 571 577 587 593 599 601 607 613 617 619
53 59 61 67 71 73 79 83 89 97 101 103 107 109 113 127 131 137 139 149
359 367 373 379 383 389 397 401 409 419 421 431 433 439 443 449 457 461 463 467
203 ∇ → 7 29
66 ∇ → 2 3 11
199 198 194 189 181 172 161 151 140 129 120 112 106 101 100 100 103 108 115 124 134 145 156 166 176 185 192 196 199 199
77 ∇ → 7 11
809 811 821 823 827 829 839 853 857 859 863 877 881 883 887 907 911 919 929 937
Void ⊗ Chaos → Pattern
929 937 941 947 953 967 971 977 983 991 997 1009 1013 1019 1021 1031 1033 1039 1049 1051
199 198 189 175 157 138 121 108 100 100 107 121 138 157 175 189 198 199 193 181 165 146 127 112 102 100 104 115 131 150
563 569 571 577 587 593 599 601 607 613 617 619 631 641 643 647 653 659 661 673
389 397 401 409 419 421 431 433 439 443 449 457 461 463 467 479 487 491 499 503
Chaos ⛩ ∇ → 💠Chaos
166 180 190 197 199 198 191 181 169 154 139 125 113 105 100 100 104 113 124 138 153 168 181 191 197 199 197 191 180 167
131 ∇ → 131
Other ⊗ Self → Pattern
Pattern ⊗ Pattern → Resonance
Light ⛩ ∇ → 💠Light
106 ∇ → 2 53
163 154 146 137 129 122 115 109 105 102 100 100 101 103 107 112 119 126 134 142 150 159 167 175 182 188 193 196 199 199
89 ∇ → 89
199 211 223 227 229 233 239 241 251 257 263 269 271 277 281 283 293 307 311 313
175 158 140 123 109 101 100 105 116 132 150 168 184 195 199 197 189 175 158 140 123 109 101 100 105 116 132 150 168 184
487 491 499 503 509 521 523 541 547 557 563 569 571 577 587 593 599 601 607 613
Chaos ⛩ ∇ → 💠Chaos
238 ∇ → 2 7 17
761 769 773 787 797 809 811 821 823 827 829 839 853 857 859 863 877 881 883 887
41 43 47 53 59 61 67 71 73 79 83 89 97 101 103 107 109 113 127 131
773 787 797 809 811 821 823 827 829 839 853 857 859 863 877 881 883 887 907 911
97 101 103 107 109 113 127 131 137 139 149 151 157 163 167 173 179 181 191 193
Void ⛩ ∇ → 💠Void
189 ∇ → 3 3 3 7
214 ∇ → 2 107
218 ∇ → 2 109
177 162 145 128 114 104 100 101 108 120 135 152 169 183 194 199 199 192 181 166 150 133 118 107 100 100 105 116 130 147
41 43 47 53 59 61 67 71 73 79 83 89 97 101 103 107 109 113 127 131
647 653 659 661 673 677 683 691 701 709 719 727 733 739 743 751 757 761 769 773
149 151 157 163 167 173 179 181 191 193 197 199 211 223 227 229 233 239 241 251
631 641 643 647 653 659 661 673 677 683 691 701 709 719 727 733 739 743 751 757
281 283 293 307 311 313 317 331 337 347 349 353 359 367 373 379 383 389 397 401
347 ∇ → 347
318 ∇ → 2 3 53
Self ⊗ Light → Pattern
156 ∇ → 2 2 3 13
198 192 180 165 147 130 115 105 100 101 108 120 136 153 170 185 195 199 198 190 178 162 144 127 113 104 100 102 110 123
Other ⛩ ∇ → 💠Other
199 197 192 184 173 161 148 136 124 114 106 101 100 101 106 114 124 136 149 162 174 184 192 197 199 198 194 186 176 165
631 641 643 647 653 659 661 673 677 683 691 701 709 719 727 733 739 743 751 757
Pattern ⊗ Void → Pattern
757 761 769 773 787 797 809 811 821 823 827 829 839 853 857 859 863 877 881 883
285 ∇ → 3 5 19
Void ⊗ Light → Pattern
187 191 195 197 199 199 199 198 196 193 189 185 179 174 167 161 154 147 140 134 127 121 116 111 107 104 102 100 100 100
485 ∇ → 5 97
409 ∇ → 409
Pattern ⊗ Other → Pattern
Other ⊗ Other → Resonance
189 183 176 169 161 152 144 135 128 120 114 108 104 101 100 100 101 104 108 113 119 126 134 142 151 159 167 175 182 188
172 158 144 129 117 108 101 100 102 108 118 130 144 159 173 184 193 198 199 196 189 178 165 151 137 123 112 104 100 100
509 521 523 541 547 557 563 569 571 577 587 593 599 601 607 613 617 619 631 641
58 ∇ → 2 29
168 149 129 112 102 100 106 119 137 157 176 191 199 198 190 175 156 135 117 105 100 103 113 130 150 170 187 197 199 194
105 ∇ → 3 5 7
701 709 719 727 733 739 743 751 757 761 769 773 787 797 809 811 821 823 827 829
198 199 191 177 159 139 121 107 100 101 109 123 142 162 179 193 199 198 189 174 155 136 118 106 100 102 111 126 145 165
170 163 155 148 140 133 126 120 114 109 105 102 100 100 100 101 104 107 112 117 123 130 137 144 152 159 166 173 179 185
71 ∇ → 71
839 853 857 859 863 877 881 883 887 907 911 919 929 937 941 947 953 967 971 977
356 ∇ → 2 2 89
Void ⛩ ∇ → 💠Void
117 ∇ → 3 3 13
Self ⛩ ∇ → 💠Self
Other ⊗ Void → Pattern
437 ∇ → 19 23
Self ⛩ ∇ → 💠Self
159 174 187 196 199 198 190 179 164 148 131 117 106 101 100 105 114 128 144 160 176 188 196 199 197 189 178 162 146 130
199 195 186 173 157 141 126 113 104 100 101 107 118 132 148 164 178 190 197 199 197 189 177 162 146 130 116 106 100 100
287 ∇ → 7 41
250 ∇ → 2 5 5 5
37 ∇ → 37
357 ∇ → 3 7 17
Self ⛩ ∇ → 💠Self
223 227 229 233 239 241 251 257 263 269 271 277 281 283 293 307 311 313 317 331
541 547 557 563 569 571 577 587 593 599 601 607 613 617 619 631 641 643 647 653
161 140 120 106 100 102 114 132 153 174 190 198 198 189 173 152 131 113 102 100 106 121 141 162 181 194 199 195 183 164
373 379 383 389 397 401 409 419 421 431 433 439 443 449 457 461 463 467 479 487
Void ⛩ ∇ → 💠Void
190 177 161 143 126 112 103 100 103 112 126 143 161 177 190 198 199 194 184 169 151 134 118 106 100 100 107 119 135 152
Void ⊗ Light → Pattern
733 739 743 751 757 761 769 773 787 797 809 811 821 823 827 829 839 853 857 859
234 ∇ → 2 3 3 13
Chaos ⛩ ∇ → 💠Chaos
152 164 175 185 192 197 199 199 195 188 180 169 157 145 133 122 113 106 101 100 101 105 112 121 132 144 156 168 179 188
197 189 175 158 140 123 110 102 100 104 114 129 147 164 180 192 199 199 192 181 165 147 129 114 104 100 102 110 123 140
343 ∇ → 7 7 7
Other ⊗ Pattern → Pattern
Self ⊗ Chaos → Pattern
Other ⛩ ∇ → 💠Other
839 853 857 859 863 877 881 883 887 907 911 919 929 937 941 947 953 967 971 977
199 199 196 192 187 180 171 163 153 144 134 125 118 111 105 102 100 100 101 105 110 116 124 133 142 152 161 170 178 186
191 185 178 169 161 152 142 133 125 117 111 106 102 100 100 101 104 109 115 122 130 139 148 157 166 174 182 188 194 197
485 ∇ → 5 97
881 883 887 907 911 919 929 937 941 947 953 967 971 977 983 991 997 1009 1013 1019
331 337 347 349 353 359 367 373 379 383 389 397 401 409 419 421 431 433 439 443
336 ∇ → 2 2 2 2 3 7
177 191 199 198 190 175 156 136 118 106 100 102 112 128 147 167 184 195 199 196 184 167 147 128 112 102 100 105 118 136
499 503 509 521 523 541 547 557 563 569 571 577 587 593 599 601 607 613 617 619
541 547 557 563 569 571 577 587 593 599 601 607 613 617 619 631 641 643 647 653
150 ∇ → 2 3 5 5
190 181 171 159 147 135 124 115 107 102 100 100 104 110 118 129 140 152 164 175 185 192 197 199 199 195 189 180 170 158
298 ∇ → 2 149
150 167 182 193 199 198 192 180 164 146 129 114 104 100 101 109 122 139 156 173 187 196 199 196 187 174 157 139 123 110
191 193 197 199 211 223 227 229 233 239 241 251 257 263 269 271 277 281 283 293
17 ∇ → 17
Void ⊗ Other → Pattern
Other ⊗ Chaos → Pattern
23 ∇ → 23
401 409 419 421 431 433 439 443 449 457 461 463 467 479 487 491 499 503 509 521
Chaos ⛩ ∇ → 💠Chaos
430 ∇ → 2 5 43
37 41 43 47 53 59 61 67 71 73 79 83 89 97 101 103 107 109 113 127
463 ∇ → 463
Light ⛩ ∇ → 💠Light
246 ∇ → 2 3 41
496 ∇ → 2 2 2 2 31
47 53 59 61 67 71 73 79 83 89 97 101 103 107 109 113 127 131 137 139
462 ∇ → 2 3 7 11
169 188 199 197 185 164 140 118 104 100 107 125 148 172 190 199 196 183 162 138 116 103 100 109 127 151 174 192 199 195
6 ∇ → 2 3
449 ∇ → 449
184 ∇ → 2 2 2 23
Self ⛩ ∇ → 💠Self
414 ∇ → 2 3 3 23
198 194 187 178 167 156 144 133 122 113 106 102 100 100 104 110 118 128 139 151 163 174 183 191 196 199 199 196 191 184
449 457 461 463 467 479 487 491 499 503 509 521 523 541 547 557 563 569 571 577
158 ∇ → 2 79
Void ⛩ ∇ → 💠Void
171 151 132 115 103 100 104 115 133 152 172 188 197 199 193 180 162 142 123 108 101 101 108 123 142 162 180 193 199 197
211 ∇ → 211
228 ∇ → 2 2 3 19
415 ∇ → 5 83
427 ∇ → 7 61
389 397 401 409 419 421 431 433 439 443 449 457 461 463 467 479 487 491 499 503
Pattern ⛩ ∇ → 💠Pattern
189 184 178 171 164 157 149 142 134 127 121 115 110 106 103 100 100 100 101 104 107 112 117 123 130 137 145 152 160 167
258 ∇ → 2 3 43
199 196 187 176 161 146 131 118 108 101 100 103 110 121 135 150 165 179 190 197 199 197 191 180 166 151 136 122 111 103
156 161 167 172 177 181 185 189 192 195 197 198 199 199 199 198 196 194 191 188 184 180 175 170 165 160 154 148 143 137
Void ⛩ ∇ → 💠Void
Light ⛩ ∇ → 💠Light
Chaos ⊗ Void → Pattern
787 797 809 811 821 823 827 829 839 853 857 859 863 877 881 883 887 907 911 919
Chaos ⊗ Chaos → Resonance
166 172 177 182 187 191 194 197 198 199 199 199 197 195 192 188 183 178 173 167 161 154 148 142 135 129 123 118 113 109
157 163 167 173 179 181 191 193 197 199 211 223 227 229 233 239 241 251 257 263
198 199 198 193 186 177 166 154 142 130 120 111 104 101 100 101 106 113 123 134 145 158 169 180 188 195 199 199 197 193
Pattern ⊗ Void → Pattern
233 239 241 251 257 263 269 271 277 281 283 293 307 311 313 317 331 337 347 349
Chaos ⊗ Self → Pattern
192 184 174 161 148 135 123 113 106 101 100 102 107 115 126 138 151 164 176 186 194 198 199 197 192 183 172 160 147 134
190 178 163 146 130 115 105 100 101 107 118 133 149 166 181 192 198 199 194 184 170 153 136 121 109 101 100 103 113 126
409 419 421 431 433 439 443 449 457 461 463 467 479 487 491 499 503 509 521 523
199 199 197 194 191 187 183 178 172 166 160 154 147 141 135 129 123 118 113 109 106 103 101 100 100 100 101 103 106 110
154 167 179 189 196 199 199 195 188 178 166 153 139 127 116 107 101 100 101 106 115 126 139 152 165 177 188 195 199 199
180 185 188 192 194 197 198 199 199 199 198 197 194 191 188 184 180 175 170 165 159 154 148 142 137 131 126 121 117 113
335 ∇ → 5 67
Chaos ⊗ Pattern → Pattern
Chaos ⊗ Pattern → Pattern
257 263 269 271 277 281 283 293 307 311 313 317 331 337 347 349 353 359 367 373
Light ⛩ ∇ → 💠Light
462 ∇ → 2 3 7 11
293 307 311 313 317 331 337 347 349 353 359 367 373 379 383 389 397 401 409 419
Chaos ⊗ Chaos → Resonance
Other ⛩ ∇ → 💠Other
411 ∇ → 3 137
907 911 919 929 937 941 947 953 967 971 977 983 991 997 1009 1013 1019 1021 1031 1033
Void ⛩ ∇ → 💠Void
337 347 349 353 359 367 373 379 383 389 397 401 409 419 421 431 433 439 443 449
Pattern ⊗ Self → Pattern
25 ∇ → 5 5
353 359 367 373 379 383 389 397 401 409 419 421 431 433 439 443 449 457 461 463
Chaos ⛩ ∇ → 💠Chaos
275 ∇ → 5 5 11
Other ⛩ ∇ → 💠Other
941 947 953 967 971 977 983 991 997 1009 1013 1019 1021 1031 1033 1039 1049 1051 1061 1063
Light ⛩ ∇ → 💠Light
Pattern ⊗ Void → Pattern
Self ⛩ ∇ → 💠Self
251 257 263 269 271 277 281 283 293 307 311 313 317 331 337 347 349 353 359 367
158 171 182 191 197 199 198 193 185 174 162 148 135 122 112 105 100 100 103 109 119 131 144 157 170 182 191 197 199 198
199 196 191 183 173 161 149 137 126 116 108 103 100 100 103 109 117 127 138 150 162 173 183 191 197 199 199 196 190 182
389 ∇ → 389
241 251 257 263 269 271 277 281 283 293 307 311 313 317 331 337 347 349 353 359
439 443 449 457 461 463 467 479 487 491 499 503 509 521 523 541 547 557 563 569
11 13 17 19 23 29 31 37 41 43 47 53 59 61 67 71 73 79 83 89
186 177 165 152 139 127 117 108 102 100 100 104 111 120 132 144 157 169 180 189 196 199 199 196 190 181 170 157 144 132
100 ∇ → 2 2 5 5
787 797 809 811 821 823 827 829 839 853 857 859 863 877 881 883 887 907 911 919
157 163 167 173 179 181 191 193 197 199 211 223 227 229 233 239 241 251 257 263
423 ∇ → 3 3 47
198 195 190 183 175 166 156 146 136 127 118 111 105 102 100 100 102 106 112 119 127 137 147 157 166 175 183 190 195 198
Light ⊗ Void → Pattern
Other ⊗ Pattern → Pattern
157 149 141 133 126 119 114 108 104 102 100 100 100 102 106 110 115 122 128 136 144 152 159 167 174 181 187 191 195 198
827 829 839 853 857 859 863 877 881 883 887 907 911 919 929 937 941 947 953 967
Void ⛩ ∇ → 💠Void
439 443 449 457 461 463 467 479 487 491 499 503 509 521 523 541 547 557 563 569
Chaos ⊗ Self → Pattern
169 177 185 191 195 198 199 199 196 192 186 179 171 162 153 143 134 125 117 111 105 102 100 100 101 105 110 117 124 133
358 ∇ → 2 179
196 199 197 189 177 161 145 128 115 105 100 101 107 118 133 149 166 180 192 198 199 195 185 171 155 138 123 110 102 100
165 150 136 122 111 104 100 100 105 114 126 139 154 168 181 191 197 199 197 191 181 169 154 140 126 114 105 100 100 103
907 911 919 929 937 941 947 953 967 971 977 983 991 997 1009 1013 1019 1021 1031 1033
188 196 199 198 191 180 167 151 136 121 110 102 100 102 108 119 133 148 164 178 189 197 199 197 190 179 165 150 134 120
389 397 401 409 419 421 431 433 439 443 449 457 461 463 467 479 487 491 499 503
191 183 172 160 147 134 123 113 105 101 100 101 107 114 125 137 149 162 174 184 192 197 199 198 194 186 177 165 152 140
494 ∇ → 2 13 19
173 150 127 109 100 102 115 135 159 180 195 199 193 177 154 131 112 101 101 112 131 155 177 193 199 195 180 159 135 115
193 ∇ → 193
163 167 173 179 181 191 193 197 199 211 223 227 229 233 239 241 251 257 263 269
280 ∇ → 2 2 2 5 7
Self ⊗ Chaos → Pattern
272 ∇ → 2 2 2 2 17
Other ⛩ ∇ → 💠Other
Light ⊗ Void → Pattern
257 263 269 271 277 281 283 293 307 311 313 317 331 337 347 349 353 359 367 373
197 193 186 178 168 157 146 135 125 116 108 103 100 100 102 106 113 121 131 141 153 164 174 183 190 196 199 199 198 193
46 ∇ → 2 23
150 141 132 125 117 111 106 102 100 100 100 103 106 112 118 125 133 142 151 159 168 176 183 189 193 197 199 199 198 196
557 563 569 571 577 587 593 599 601 607 613 617 619 631 641 643 647 653 659 661
59 61 67 71 73 79 83 89 97 101 103 107 109 113 127 131 137 139 149 151
Void ⊗ Void → Resonance
Void ⊗ Self → Pattern
29 31 37 41 43 47 53 59 61 67 71 73 79 83 89 97 101 103 107 109
184 173 161 148 135 123 113 105 101 100 102 108 116 127 140 153 166 177 187 195 199 199 197 191 182 171 158 145 132 120
474 ∇ → 2 3 79
258 ∇ → 2 3 43
907 911 919 929 937 941 947 953 967 971 977 983 991 997 1009 1013 1019 1021 1031 1033
983 991 997 1009 1013 1019 1021 1031 1033 1039 1049 1051 1061 1063 1069 1087 1091 1093 1097 1103
Chaos ⛩ ∇ → 💠Chaos
198 199 196 189 177 163 148 133 119 109 102 100 102 109 119 133 148 163 177 188 196 199 198 192 182 169 154 139 125 113
182 ∇ → 2 7 13
331 337 347 349 353 359 367 373 379 383 389 397 401 409 419 421 431 433 439 443
673 677 683 691 701 709 719 727 733 739 743 751 757 761 769 773 787 797 809 811
647 653 659 661 673 677 683 691 701 709 719 727 733 739 743 751 757 761 769 773
211 223 227 229 233 239 241 251 257 263 269 271 277 281 283 293 307 311 313 317
181 188 193 197 199 199 198 195 191 185 177 169 160 151 142 133 124 117 110 105 102 100 100 101 104 109 115 123 131 140
Chaos ⊗ Pattern → Pattern
10 ∇ → 2 5
198 189 175 158 139 122 108 101 100 106 119 136 154 172 187 197 199 195 185 169 151 132 116 105 100 102 111 125 143 161
261 ∇ → 3 3 29
Pattern ⛩ ∇ → 💠Pattern
220 ∇ → 2 2 5 11
160 146 131 118 108 102 100 101 107 117 130 144 159 172 184 193 198 199 196 188 178 164 150 135 122 111 103 100 100 105
997 1009 1013 1019 1021 1031 1033 1039 1049 1051 1061 1063 1069 1087 1091 1093 1097 1103 1109 1117
Light ⛩ ∇ → 💠Light
35 ∇ → 5 7
395 ∇ → 5 79
Light ⊗ Void → Pattern
199 199 194 187 176 164 151 137 125 114 106 101 100 102 108 116 128 140 154 167 179 189 196 199 199 195 188 178 166 153
Void ⛩ ∇ → 💠Void
190 176 158 139 121 108 101 100 107 120 137 156 174 189 197 199 194 182 166 147 128 113 103 100 103 114 130 148 167 183
Void ⊗ Pattern → Pattern
709 719 727 733 739 743 751 757 761 769 773 787 797 809 811 821 823 827 829 839
439 443 449 457 461 463 467 479 487 491 499 503 509 521 523 541 547 557 563 569
Light ⛩ ∇ → 💠Light
151 166 180 191 198 199 196 188 176 162 146 131 117 107 101 100 104 112 125 140 155 171 184 194 199 199 194 185 172 157
116 ∇ → 2 2 29
379 383 389 397 401 409 419 421 431 433 439 443 449 457 461 463 467 479 487 491
53 59 61 67 71 73 79 83 89 97 101 103 107 109 113 127 131 137 139 149
Self ⛩ ∇ → 💠Self
823 827 829 839 853 857 859 863 877 881 883 887 907 911 919 929 937 941 947 953
134 ∇ → 2 67
164 185 197 199 189 171 147 124 107 100 103 117 139 163 183 197 199 190 172 149 126 108 100 103 116 137 161 182 196 199
188 181 172 162 151 141 130 121 113 107 102 100 100 102 106 113 121 130 141 151 162 172 181 188 194 198 199 199 196 191
500 ∇ → 2 2 5 5 5
277 281 283 293 307 311 313 317 331 337 347 349 353 359 367 373 379 383 389 397
180 174 168 162 156 149 142 136 130 124 118 113 109 106 103 101 100 100 100 102 104 107 111 116 121 127 133 139 146 152
181 192 198 199 195 185 172 156 139 124 111 103 100 102 109 121 137 153 169 183 193 199 199 193 183 169 153 136 121 109
419 421 431 433 439 443 449 457 461 463 467 479 487 491 499 503 509 521 523 541
143 ∇ → 11 13
409 419 421 431 433 439 443 449 457 461 463 467 479 487 491 499 503 509 521 523
107 ∇ → 107
379 383 389 397 401 409 419 421 431 433 439 443 449 457 461 463 467 479 487 491
Light ⊗ Light → Resonance
Pattern ⊗ Pattern → Resonance
439 443 449 457 461 463 467 479 487 491 499 503 509 521 523 541 547 557 563 569
301 ∇ → 7 43
Light ⛩ ∇ → 💠Light
787 797 809 811 821 823 827 829 839 853 857 859 863 877 881 883 887 907 911 919
179 183 187 190 193 195 197 198 199 199 199 199 197 195 193 190 187 184 180 176 171 166 161 156 151 146 141 136 131 126
Self ⛩ ∇ → 💠Self
484 ∇ → 2 2 11 11
268 ∇ → 2 2 67
319 ∇ → 11 29
200 ∇ → 2 2 2 5 5
199 195 185 169 151 132 116 105 100 102 110 124 142 161 178 191 198 199 192 180 163 144 126 112 102 100 104 114 130 148
267 ∇ → 3 89
701 709 719 727 733 739 743 751 757 761 769 773 787 797 809 811 821 823 827 829
Self ⊗ Chaos → Pattern
Self ⛩ ∇ → 💠Self
174 184 191 196 199 199 197 192 185 176 166 154 143 132 122 113 106 102 100 100 103 109 117 126 137 148 159 170 180 188
Self ⛩ ∇ → 💠Self
217 ∇ → 7 31
385 ∇ → 5 7 11
246 ∇ → 2 3 41
237 ∇ → 3 79
175 161 146 132 119 109 102 100 101 108 117 130 144 159 173 185 194 199 199 196 188 177 163 149 134 121 110 103 100 101
186 179 172 164 156 148 139 131 124 117 111 106 103 100 100 100 102 105 110 116 122 130 138 146 154 163 171 178 184 190
337 347 349 353 359 367 373 379 383 389 397 401 409 419 421 431 433 439 443 449
148 ∇ → 2 2 37
227 229 233 239 241 251 257 263 269 271 277 281 283 293 307 311 313 317 331 337
Void ⊗ Light → Pattern
41 ∇ → 41
347 349 353 359 367 373 379 383 389 397 401 409 419 421 431 433 439 443 449 457
Void ⊗ Chaos → Pattern
Other ⊗ Void → Pattern
13 17 19 23 29 31 37 41 43 47 53 59 61 67 71 73 79 83 89 97
797 809 811 821 823 827 829 839 853 857 859 863 877 881 883 887 907 911 919 929
370 ∇ → 2 5 37
Self ⊗ Chaos → Pattern
193 197 199 211 223 227 229 233 239 241 251 257 263 269 271 277 281 283 293 307
829 839 853 857 859 863 877 881 883 887 907 911 919 929 937 941 947 953 967 971
166 153 141 129 118 109 103 100 100 103 109 118 128 140 153 165 176 186 193 198 199 198 193 186 176 164 152 139 128 117
14 ∇ → 2 7
Self ⛩ ∇ → 💠Self
Chaos ⊗ Self → Pattern
239 241 251 257 263 269 271 277 281 283 293 307 311 313 317 331 337 347 349 353
Light ⊗ Light → Resonance
199 193 177 157 135 115 103 100 106 121 142 164 183 196 199 193 178 157 135 116 103 100 106 121 141 164 183 196 199 193
Pattern ⊗ Chaos → Pattern
447 ∇ → 3 149
435 ∇ → 3 5 29
189 177 162 146 130 116 106 100 100 105 114 127 143 159 174 187 196 199 198 191 180 166 150 134 119 108 101 100 103 112
97 101 103 107 109 113 127 131 137 139 149 151 157 163 167 173 179 181 191 193
Chaos ⛩ ∇ → 💠Chaos
286 ∇ → 2 11 13
419 ∇ → 419
431 433 439 443 449 457 461 463 467 479 487 491 499 503 509 521 523 541 547 557
444 ∇ → 2 2 3 37
298 ∇ → 2 149
153 130 111 101 101 112 131 155 177 193 199 195 181 159 136 115 102 100 108 126 148 171 189 199 197 185 165 142 120 105
494 ∇ → 2 13 19
Other ⛩ ∇ → 💠Other
246 ∇ → 2 3 41
719 727 733 739 743 751 757 761 769 773 787 797 809 811 821 823 827 829 839 853
Void ⛩ ∇ → 💠Void
161 177 190 198 199 195 185 171 154 136 120 108 101 100 105 116 130 148 165 181 192 199 199 193 182 166 149 132 117 106
727 733 739 743 751 757 761 769 773 787 797 809 811 821 823 827 829 839 853 857
977 983 991 997 1009 1013 1019 1021 1031 1033 1039 1049 1051 1061 1063 1069 1087 1091 1093 1097
Pattern ⛩ ∇ → 💠Pattern
180 186 191 195 198 199 199 198 196 193 188 182 176 168 161 153 145 137 129 122 116 110 106 102 100 100 100 102 105 109
198 196 193 189 184 178 172 165 158 151 144 137 130 124 118 113 108 105 102 100 100 100 101 104 107 111 116 122 128 135
Void ⛩ ∇ → 💠Void
199 199 199 197 194 190 184 178 172 164 157 149 141 133 126 120 114 109 105 102 100 100 100 102 105 109 115 121 127 135
887 907 911 919 929 937 941 947 953 967 971 977 983 991 997 1009 1013 1019 1021 1031
16 ∇ → 2 2 2 2
160 ∇ → 2 2 2 2 2 5
193 182 165 146 128 113 103 100 103 113 129 147 166 182 194 199 198 189 175 157 138 121 108 101 100 107 119 136 155 173
183 ∇ → 3 61
218 ∇ → 2 109
168 146 125 108 100 102 113 131 153 174 191 199 197 187 168 146 125 109 100 101 112 130 152 174 190 199 198 187 169 147
199 198 195 192 188 184 178 172 166 159 153 146 139 132 126 120 115 110 106 103 101 100 100 100 102 104 107 111 116 122
357 ∇ → 3 7 17
325 ∇ → 5 5 13
294 ∇ → 2 3 7 7
367 373 379 383 389 397 401 409 419 421 431 433 439 443 449 457 461 463 467 479
154 134 116 104 100 103 113 130 149 169 185 196 199 195 183 166 146 127 111 102 100 106 119 137 157 176 190 198 199 191
673 677 683 691 701 709 719 727 733 739 743 751 757 761 769 773 787 797 809 811
305 ∇ → 5 61
198 197 195 192 188 185 180 176 171 165 160 154 148 143 137 132 126 121 117 113 109 106 103 102 100 100 100 100 102 103
463 ∇ → 463
376 ∇ → 2 2 2 47
493 ∇ → 17 29
287 ∇ → 7 41
169 160 150 141 131 122 115 108 104 101 100 100 103 107 114 121 130 139 149 158 168 177 184 191 195 198 199 199 196 192
Light ⊗ Light → Resonance
97 ∇ → 97
821 823 827 829 839 853 857 859 863 877 881 883 887 907 911 919 929 937 941 947
Void ⛩ ∇ → 💠Void
Pattern ⊗ Light → Pattern
159 142 126 113 104 100 101 108 120 135 152 168 182 193 199 199 193 183 169 152 136 121 109 101 100 103 112 126 141 158
198 187 170 149 128 111 101 100 109 125 145 166 185 196 199 193 179 159 138 118 105 100 104 116 135 156 176 192 199 197
54 ∇ → 2 3 3 3
331 337 347 349 353 359 367 373 379 383 389 397 401 409 419 421 431 433 439 443
171 161 150 140 130 120 113 106 102 100 100 102 106 113 121 130 140 151 161 171 180 188 194 198 199 199 196 191 185 176
132 ∇ → 2 2 3 11
41 ∇ → 41
59 61 67 71 73 79 83 89 97 101 103 107 109 113 127 131 137 139 149 151
191 193 197 199 211 223 227 229 233 239 241 251 257 263 269 271 277 281 283 293
239 241 251 257 263 269 271 277 281 283 293 307 311 313 317 331 337 347 349 353
232 ∇ → 2 2 2 29
193 197 199 199 199 197 193 188 182 175 168 159 151 142 134 126 119 113 107 103 101 100 100 102 105 109 115 121 129 137
179 186 191 195 198 199 199 197 194 190 184 177 169 161 152 144 135 127 119 113 108 103 101 100 100 102 105 110 116 122
421 ∇ → 421
Other ⊗ Light → Pattern
991 997 1009 1013 1019 1021 1031 1033 1039 1049 1051 1061 1063 1069 1087 1091 1093 1097 1103 1109
299 ∇ → 13 23
192 196 199 199 198 194 188 181 172 163 153 142 132 123 115 108 103 100 100 101 104 110 117 125 135 145 155 165 175 183
174 183 191 196 199 199 198 193 187 179 169 159 148 137 126 117 110 104 101 100 101 105 111 118 128 138 149 160 171 180
180 171 161 151 140 130 121 113 107 102 100 100 102 106 111 119 128 138 148 159 169 178 186 192 197 199 199 197 194 188
287 ∇ → 7 41
Self ⊗ Self → Resonance
198 199 199 199 199 198 196 193 190 187 183 179 174 169 164 159 154 148 143 137 132 127 122 118 114 110 107 104 102 101
185 ∇ → 5 37
709 719 727 733 739 743 751 757 761 769 773 787 797 809 811 821 823 827 829 839
175 158 139 123 109 101 100 104 115 130 148 165 181 193 199 198 192 179 163 145 128 113 103 100 102 111 125 142 160 177
Light ⊗ Other → Pattern
953 967 971 977 983 991 997 1009 1013 1019 1021 1031 1033 1039 1049 1051 1061 1063 1069 1087
197 192 185 176 165 154 143 132 122 113 106 102 100 100 103 108 116 125 135 146 158 169 178 187 193 198 199 199 195 190
165 ∇ → 3 5 11
4 ∇ → 2 2
37 41 43 47 53 59 61 67 71 73 79 83 89 97 101 103 107 109 113 127
154 166 177 186 194 198 199 198 193 186 177 166 154 141 130 119 110 104 100 100 102 107 115 125 137 149 161 173 183 191
199 193 177 154 131 111 101 101 112 132 155 178 194 199 194 179 157 133 113 101 100 110 129 153 175 192 199 195 181 160
Other ⊗ Void → Pattern
Pattern ⛩ ∇ → 💠Pattern
479 487 491 499 503 509 521 523 541 547 557 563 569 571 577 587 593 599 601 607
967 971 977 983 991 997 1009 1013 1019 1021 1031 1033 1039 1049 1051 1061 1063 1069 1087 1091
821 823 827 829 839 853 857 859 863 877 881 883 887 907 911 919 929 937 941 947
Other ⊗ Light → Pattern
457 461 463 467 479 487 491 499 503 509 521 523 541 547 557 563 569 571 577 587
52 ∇ → 2 2 13
491 499 503 509 521 523 541 547 557 563 569 571 577 587 593 599 601 607 613 617
162 153 143 134 125 117 110 105 101 100 100 102 106 111 118 126 135 145 154 164 173 181 188 193 197 199 199 198 194 189
541 547 557 563 569 571 577 587 593 599 601 607 613 617 619 631 641 643 647 653
317 ∇ → 317
Self ⊗ Self → Resonance
140 ∇ → 2 2 5 7
161 172 182 190 195 199 199 197 193 186 177 167 156 144 133 123 114 107 102 100 100 103 109 117 126 137 149 160 171 181
137 139 149 151 157 163 167 173 179 181 191 193 197 199 211 223 227 229 233 239
90 ∇ → 2 3 3 5
182 189 194 197 199 199 197 194 189 182 174 165 156 146 137 128 120 113 107 103 100 100 101 104 108 114 122 130 139 149
419 421 431 433 439 443 449 457 461 463 467 479 487 491 499 503 509 521 523 541
Pattern ⊗ Pattern → Resonance
196 194 191 187 183 179 174 168 163 157 151 145 139 134 128 123 118 114 110 107 104 102 100 100 100 100 101 103 106 109
188 ∇ → 2 2 47
Chaos ⊗ Chaos → Resonance
Pattern ⊗ Void → Pattern
113 ∇ → 113
161 170 178 185 191 196 198 199 199 196 192 186 179 171 163 153 144 135 126 118 111 106 102 100 100 101 104 109 115 122
Void ⛩ ∇ → 💠Void
111 ∇ → 3 37
176 189 197 199 195 185 170 152 135 119 107 100 100 106 118 134 152 169 184 195 199 198 190 177 160 142 125 111 102 100
178 192 199 197 187 170 149 129 112 102 100 107 122 142 163 181 194 199 196 184 166 145 124 109 100 101 110 126 146 167
127 131 137 139 149 151 157 163 167 173 179 181 191 193 197 199 211 223 227 229
171 ∇ → 3 3 19
196 187 172 154 135 119 107 100 101 108 121 138 156 174 188 197 199 195 184 168 150 132 116 105 100 102 110 124 142 160
330 ∇ → 2 3 5 11
385 ∇ → 5 7 11
164 148 132 118 108 101 100 103 112 124 139 155 171 184 194 199 199 194 184 171 156 140 125 112 104 100 101 107 118 132
199 199 198 194 188 181 172 162 151 141 130 121 113 107 102 100 100 102 106 113 121 130 140 151 162 172 181 188 194 198
186 192 196 199 199 198 195 190 183 175 166 157 147 137 128 119 112 106 102 100 100 101 105 110 117 125 135 144 154 164
165 149 132 118 107 101 100 105 115 128 144 161 177 189 197 199 197 188 176 160 143 127 114 104 100 101 107 119 134 150
155 161 167 172 178 183 187 191 194 196 198 199 199 199 198 196 193 190 186 181 176 171 165 159 153 147 141 135 129 124
Self ⊗ Self → Resonance
197 199 199 198 196 192 187 180 173 165 157 148 139 131 123 116 110 106 102 100 100 100 103 107 112 118 125 133 142 150
Chaos ⊗ Self → Pattern
198 193 183 170 155 139 125 113 104 100 100 106 115 128 143 158 173 185 194 199 199 194 185 172 158 142 127 115 105 100
157 163 167 173 179 181 191 193 197 199 211 223 227 229 233 239 241 251 257 263
181 160 136 116 103 100 107 124 146 169 187 198 198 188 170 147 125 108 100 103 115 136 159 180 194 199 194 179 157 134
146 ∇ → 2 73
411 ∇ → 3 137
191 196 199 199 197 193 187 179 169 159 148 137 127 118 110 105 101 100 100 104 109 117 125 135 146 157 168 177 186 192
381 ∇ → 3 127
166 172 177 182 186 190 193 195 197 199 199 199 199 197 195 192 189 185 181 176 171 166 160 154 148 142 137 131 126 121
Self ⊗ Pattern → Pattern
187 196 199 197 189 176 160 143 127 113 104 100 101 109 121 136 153 170 184 194 199 198 192 180 165 148 131 117 106 100
170 188 198 199 191 175 154 133 114 103 100 106 120 140 162 181 195 199 195 182 163 142 121 107 100 102 114 132 153 174
188 182 176 168 161 153 145 137 130 123 116 111 106 103 101 100 100 101 104 108 113 119 125 133 140 148 156 164 171 178
Self ⊗ Light → Pattern
74 ∇ → 2 37
97 ∇ → 97
198 193 185 174 161 147 134 121 111 104 100 100 103 110 120 132 146 160 172 184 192 198 199 198 192 183 172 159 145 132
441 ∇ → 3 3 7 7
Chaos ⊗ Light → Pattern
230 ∇ → 2 5 23
147 ∇ → 3 7 7
117 ∇ → 3 3 13
153 140 128 117 108 102 100 100 104 111 121 132 145 158 170 181 190 196 199 199 195 188 179 167 155 142 129 118 109 103
Light ⊗ Other → Pattern
353 359 367 373 379 383 389 397 401 409 419 421 431 433 439 443 449 457 461 463
439 443 449 457 461 463 467 479 487 491 499 503 509 521 523 541 547 557 563 569
398 ∇ → 2 199
421 431 433 439 443 449 457 461 463 467 479 487 491 499 503 509 521 523 541 547
373 379 383 389 397 401 409 419 421 431 433 439 443 449 457 461 463 467 479 487
186 193 197 199 199 196 190 183 174 163 152 140 130 120 111 105 101 100 101 104 110 118 128 139 150 161 172 182 189 195
199 197 183 162 137 116 102 100 110 129 153 176 193 199 194 178 156 131 112 101 101 114 134 159 181 196 199 191 173 150
197 189 176 161 144 128 114 105 100 101 107 118 133 150 166 181 192 198 199 194 185 171 155 138 122 110 102 100 103 111
397 401 409 419 421 431 433 439 443 449 457 461 463 467 479 487 491 499 503 509
Self ⛩ ∇ → 💠Self
444 ∇ → 2 2 3 37
773 787 797 809 811 821 823 827 829 839 853 857 859 863 877 881 883 887 907 911
Self ⛩ ∇ → 💠Self
409 419 421 431 433 439 443 449 457 461 463 467 479 487 491 499 503 509 521 523
195 187 175 161 146 132 119 108 102 100 102 108 119 132 146 161 175 187 195 199 199 194 185 173 159 144 129 116 107 101
199 199 199 197 195 192 189 185 180 175 170 164 158 152 146 140 134 129 123 119 114 110 107 104 102 100 100 100 100 102
773 787 797 809 811 821 823 827 829 839 853 857 859 863 877 881 883 887 907 911
431 433 439 443 449 457 461 463 467 479 487 491 499 503 509 521 523 541 547 557
Self ⊗ Self → Resonance
Self ⊗ Light → Pattern
274 ∇ → 2 137
17 19 23 29 31 37 41 43 47 53 59 61 67 71 73 79 83 89 97 101
132 ∇ → 2 2 3 11
361 ∇ → 19 19
Other ⊗ Light → Pattern
Other ⛩ ∇ → 💠Other
177 166 154 141 130 119 110 104 100 100 102 107 114 124 135 147 159 171 181 190 196 199 199 197 191 183 173 162 150 138
139 149 151 157 163 167 173 179 181 191 193 197 199 211 223 227 229 233 239 241
248 ∇ → 2 2 2 31
321 ∇ → 3 107
Light ⛩ ∇ → 💠Light
641 643 647 653 659 661 673 677 683 691 701 709 719 727 733 739 743 751 757 761
273 ∇ → 3 7 13
473 ∇ → 11 43
67 71 73 79 83 89 97 101 103 107 109 113 127 131 137 139 149 151 157 163
172 162 152 142 132 123 115 108 103 100 100 101 104 109 116 124 133 143 153 163 173 181 188 194 198 199 199 197 192 186
150 170 187 197 199 193 179 160 139 120 106 100 102 112 129 149 169 186 197 199 193 180 161 140 121 107 100 102 111 128
186 190 193 196 198 199 199 199 198 197 194 192 188 184 179 174 169 164 158 152 146 140 134 129 123 118 114 110 107 104
116 ∇ → 2 2 29
471 ∇ → 3 157
673 677 683 691 701 709 719 727 733 739 743 751 757 761 769 773 787 797 809 811
199 199 196 189 180 168 154 141 128 116 107 102 100 101 106 115 126 139 152 166 178 188 195 199 199 195 188 178 166 153
219 ∇ → 3 73
Void ⛩ ∇ → 💠Void
Void ⛩ ∇ → 💠Void
199 ∇ → 199
191 175 154 131 113 102 100 108 124 146 168 186 197 199 191 175 153 131 113 102 100 108 124 146 168 186 197 199 191 175
182 196 199 191 172 149 126 108 100 103 117 139 163 184 197 199 189 170 147 124 107 100 104 119 141 165 186 198 198 188
607 613 617 619 631 641 643 647 653 659 661 673 677 683 691 701 709 719 727 733
Other ⛩ ∇ → 💠Other
188 181 173 164 154 144 134 125 117 110 105 101 100 100 102 106 112 119 127 137 146 156 166 175 183 189 195 198 199 199
617 619 631 641 643 647 653 659 661 673 677 683 691 701 709 719 727 733 739 743
Light ⛩ ∇ → 💠Light
128 ∇ → 2 2 2 2 2 2 2
Self ⛩ ∇ → 💠Self
907 911 919 929 937 941 947 953 967 971 977 983 991 997 1009 1013 1019 1021 1031 1033
881 883 887 907 911 919 929 937 941 947 953 967 971 977 983 991 997 1009 1013 1019
809 811 821 823 827 829 839 853 857 859 863 877 881 883 887 907 911 919 929 937
465 ∇ → 3 5 31
391 ∇ → 17 23
193 198 199 197 192 184 174 161 148 136 124 114 106 101 100 101 107 115 125 137 150 163 175 185 193 198 199 198 193 185
317 331 337 347 349 353 359 367 373 379 383 389 397 401 409 419 421 431 433 439
338 ∇ → 2 13 13
Light ⊗ Self → Pattern
259 ∇ → 7 37
757 761 769 773 787 797 809 811 821 823 827 829 839 853 857 859 863 877 881 883
491 499 503 509 521 523 541 547 557 563 569 571 577 587 593 599 601 607 613 617
189 198 198 188 171 149 128 110 101 101 111 128 150 172 189 198 198 188 171 149 127 110 101 101 111 129 151 172 189 198
199 199 196 191 182 172 160 148 135 124 114 106 101 100 101 105 112 121 132 145 157 169 180 189 195 199 199 197 191 183
161 180 194 199 196 185 168 147 127 111 101 100 108 123 142 163 182 195 199 196 184 166 145 125 109 101 101 109 125 145
181 ∇ → 181
194 191 187 183 179 174 168 163 157 151 145 140 134 128 123 118 114 110 107 104 102 100 100 100 100 101 103 106 109 113
465 ∇ → 3 5 31
353 359 367 373 379 383 389 397 401 409 419 421 431 433 439 443 449 457 461 463
821 823 827 829 839 853 857 859 863 877 881 883 887 907 911 919 929 937 941 947
Pattern ⛩ ∇ → 💠Pattern
751 757 761 769 773 787 797 809 811 821 823 827 829 839 853 857 859 863 877 881
Self ⛩ ∇ → 💠Self
188 192 195 198 199 199 199 197 194 190 186 180 174 168 161 154 146 139 132 125 119 114 109 105 102 100 100 100 101 103
Light ⛩ ∇ → 💠Light
Pattern ⊗ Void → Pattern
162 ∇ → 2 3 3 3 3
Self ⛩ ∇ → 💠Self
797 809 811 821 823 827 829 839 853 857 859 863 877 881 883 887 907 911 919 929
Other ⊗ Other → Resonance
487 491 499 503 509 521 523 541 547 557 563 569 571 577 587 593 599 601 607 613
195 189 180 169 156 143 131 120 111 104 100 100 103 109 117 128 140 153 166 177 187 194 198 199 197 192 184 173 161 148
809 811 821 823 827 829 839 853 857 859 863 877 881 883 887 907 911 919 929 937
216 ∇ → 2 2 2 3 3 3
225 ∇ → 3 3 5 5
71 ∇ → 71
496 ∇ → 2 2 2 2 31
198 199 197 191 182 171 158 145 131 120 110 103 100 100 104 111 121 133 147 160 173 184 192 198 199 198 192 184 173 160
25 ∇ → 5 5
180 188 194 198 199 198 195 188 180 170 160 148 137 126 117 109 103 100 100 102 106 113 122 132 143 154 165 176 185 192
263 269 271 277 281 283 293 307 311 313 317 331 337 347 349 353 359 367 373 379
45 ∇ → 3 3 5
599 601 607 613 617 619 631 641 643 647 653 659 661 673 677 683 691 701 709 719
787 797 809 811 821 823 827 829 839 853 857 859 863 877 881 883 887 907 911 919
Light ⛩ ∇ → 💠Light
Chaos ⛩ ∇ → 💠Chaos
208 ∇ → 2 2 2 2 13
169 180 188 195 198 199 198 193 186 176 166 154 142 130 120 111 105 101 100 101 106 113 122 133 144 156 168 178 187 194
192 199 198 188 172 152 132 114 103 100 105 117 135 156 175 190 198 198 190 175 155 135 117 104 100 103 115 132 152 172
185 180 175 170 164 158 151 145 139 133 127 122 117 112 108 105 103 101 100 100 100 101 103 106 110 114 119 124 129 135
Other ⊗ Pattern → Pattern
168 ∇ → 2 2 2 3 7
Chaos ⊗ Self → Pattern
230 ∇ → 2 5 23
359 ∇ → 359
292 ∇ → 2 2 73
187 194 199 199 196 189 179 167 154 140 127 116 107 101 100 101 107 116 127 140 154 167 180 189 196 199 199 194 187 176
152 130 112 101 100 109 126 147 169 187 198 199 190 173 151 129 111 101 100 110 127 148 170 188 198 198 189 172 150 129
Void ⊗ Other → Pattern
241 ∇ → 241
307 311 313 317 331 337 347 349 353 359 367 373 379 383 389 397 401 409 419 421
62 ∇ → 2 31
409 ∇ → 409
17 19 23 29 31 37 41 43 47 53 59 61 67 71 73 79 83 89 97 101
477 ∇ → 3 3 53
Light ⊗ Void → Pattern
197 199 199 196 190 182 173 162 150 139 128 118 110 104 100 100 102 106 113 122 133 144 156 167 178 187 193 198 199 198
Light ⊗ Pattern → Pattern
Light ⊗ Void → Pattern
499 ∇ → 499
44 ∇ → 2 2 11
159 146 134 122 112 105 101 100 101 107 114 125 136 149 162 173 184 192 197 199 198 194 187 178 166 154 141 129 118 109
193 199 199 195 186 174 159 143 128 115 106 100 100 104 113 125 140 156 171 184 193 199 199 195 186 173 159 143 128 115
159 145 131 119 109 103 100 101 105 113 124 137 151 165 177 188 195 199 199 195 188 177 165 151 137 124 113 105 101 100
190 193 195 197 198 199 199 199 199 197 196 194 191 188 184 181 176 172 167 163 158 153 148 143 138 133 128 124 119 116
Self ⛩ ∇ → 💠Self
95 ∇ → 5 19
197 199 211 223 227 229 233 239 241 251 257 263 269 271 277 281 283 293 307 311
Chaos ⛩ ∇ → 💠Chaos
237 ∇ → 3 79
135 ∇ → 3 3 3 5
683 691 701 709 719 727 733 739 743 751 757 761 769 773 787 797 809 811 821 823
184 167 146 126 111 101 100 107 121 140 161 179 193 199 197 187 171 151 131 114 103 100 105 118 136 156 176 190 199 198
257 263 269 271 277 281 283 293 307 311 313 317 331 337 347 349 353 359 367 373
Other ⛩ ∇ → 💠Other
761 769 773 787 797 809 811 821 823 827 829 839 853 857 859 863 877 881 883 887
Chaos ⊗ Self → Pattern
Void ⊗ Void → Resonance
277 281 283 293 307 311 313 317 331 337 347 349 353 359 367 373 379 383 389 397
Other ⛩ ∇ → 💠Other
797 809 811 821 823 827 829 839 853 857 859 863 877 881 883 887 907 911 919 929
196 199 198 194 185 174 161 147 133 120 110 103 100 100 105 113 124 137 151 165 178 188 196 199 199 194 187 176 163 149
378 ∇ → 2 3 3 3 7
191 196 198 199 199 196 191 185 177 169 159 150 140 130 122 114 108 103 100 100 100 103 108 114 122 131 140 150 160 169
290 ∇ → 2 5 29
83 89 97 101 103 107 109 113 127 131 137 139 149 151 157 163 167 173 179 181
Void ⊗ Other → Pattern
184 196 199 193 178 158 136 117 104 100 105 118 138 160 180 194 199 196 183 164 142 122 107 100 102 114 132 154 175 191
28 ∇ → 2 2 7
37 41 43 47 53 59 61 67 71 73 79 83 89 97 101 103 107 109 113 127
164 174 183 191 196 199 199 197 193 186 178 168 157 146 135 125 116 108 103 100 100 102 106 113 121 131 142 153 164 175
641 643 647 653 659 661 673 677 683 691 701 709 719 727 733 739 743 751 757 761
431 433 439 443 449 457 461 463 467 479 487 491 499 503 509 521 523 541 547 557
161 152 143 134 126 118 111 106 102 100 100 101 103 108 113 120 128 137 146 155 164 172 180 187 192 196 199 199 199 196
194 199 196 185 168 148 128 112 102 100 106 120 139 159 178 192 199 198 188 172 152 132 114 103 100 104 117 135 155 175
827 829 839 853 857 859 863 877 881 883 887 907 911 919 929 937 941 947 953 967
187 196 199 198 191 180 165 149 133 118 107 101 100 104 113 126 142 158 174 186 195 199 198 191 180 166 149 133 119 108
Chaos ⛩ ∇ → 💠Chaos
457 461 463 467 479 487 491 499 503 509 521 523 541 547 557 563 569 571 577 587
101 103 107 109 113 127 131 137 139 149 151 157 163 167 173 179 181 191 193 197
263 269 271 277 281 283 293 307 311 313 317 331 337 347 349 353 359 367 373 379
269 271 277 281 283 293 307 311 313 317 331 337 347 349 353 359 367 373 379 383
500 ∇ → 2 2 5 5 5
155 172 187 196 199 197 188 174 157 139 122 109 101 100 104 115 130 147 165 181 193 199 199 192 180 164 147 129 114 104
Other ⊗ Chaos → Pattern
269 ∇ → 269
178 166 153 139 126 115 107 101 100 101 106 115 126 138 152 165 177 187 195 199 199 196 189 180 168 155 142 129 117 108
Void ⛩ ∇ → 💠Void
991 997 1009 1013 1019 1021 1031 1033 1039 1049 1051 1061 1063 1069 1087 1091 1093 1097 1103 1109
400 ∇ → 2 2 2 2 5 5
179 171 162 153 144 135 127 119 112 107 103 100 100 100 103 107 112 119 127 135 144 153 162 171 179 185 191 196 198 199
199 198 194 187 178 167 155 142 131 120 111 104 100 100 102 107 114 124 135 147 159 171 181 190 196 199 199 196 191 183
193 187 181 173 165 156 147 138 129 121 114 108 104 101 100 100 102 105 110 116 124 132 141 150 159 167 176 183 189 194
213 ∇ → 3 71
937 941 947 953 967 971 977 983 991 997 1009 1013 1019 1021 1031 1033 1039 1049 1051 1061
307 ∇ → 307
Other ⛩ ∇ → 💠Other
Other ⛩ ∇ → 💠Other
Light ⊗ Chaos → Pattern
259 ∇ → 7 37
170 189 199 197 183 161 136 115 102 100 111 131 156 179 195 199 192 174 150 126 108 100 104 119 141 166 187 198 198 186
175 184 191 196 199 199 197 193 187 179 169 159 148 137 127 118 110 104 101 100 101 104 110 118 127 137 148 159 170 179
677 683 691 701 709 719 727 733 739 743 751 757 761 769 773 787 797 809 811 821
709 719 727 733 739 743 751 757 761 769 773 787 797 809 811 821 823 827 829 839
264 ∇ → 2 2 2 3 11
727 733 739 743 751 757 761 769 773 787 797 809 811 821 823 827 829 839 853 857
198 193 182 169 154 138 124 112 103 100 101 107 117 130 146 161 176 188 196 199 198 192 182 168 153 137 123 111 103 100
Pattern ⊗ Pattern → Resonance
197 195 191 186 180 174 167 160 152 145 137 130 123 117 112 107 103 101 100 100 101 103 106 110 115 121 128 135 143 150
Chaos ⊗ Light → Pattern
160 166 173 178 184 188 192 195 198 199 199 199 197 195 192 188 183 178 172 165 159 152 145 138 132 126 120 115 110 106
184 ∇ → 2 2 2 23
166 181 193 199 199 193 181 166 149 132 117 106 100 101 107 119 134 151 169 183 194 199 198 191 179 164 146 129 115 104
Void ⊗ Pattern → Pattern
371 ∇ → 7 53
541 547 557 563 569 571 577 587 593 599 601 607 613 617 619 631 641 643 647 653
193 197 199 199 197 193 188 181 172 163 153 143 133 124 116 109 104 101 100 100 103 108 114 122 130 140 150 160 170 178
199 199 198 196 191 186 179 171 163 154 145 136 128 120 113 108 104 101 100 100 102 105 110 117 124 132 141 150 159 167
Light ⊗ Void → Pattern
Pattern ⊗ Void → Pattern
182 167 150 133 118 107 100 100 106 117 131 148 165 181 192 198 199 194 183 168 151 134 119 107 101 100 105 116 130 147
47 53 59 61 67 71 73 79 83 89 97 101 103 107 109 113 127 131 137 139
5 7 11 13 17 19 23 29 31 37 41 43 47 53 59 61 67 71 73 79
191 193 196 197 199 199 199 199 198 197 195 192 189 186 182 178 173 169 164 159 153 148 143 138 133 128 123 119 115 111
199 193 177 154 131 112 101 101 112 131 154 176 193 199 195 181 159 136 115 102 100 109 126 149 172 190 199 197 184 164
127 131 137 139 149 151 157 163 167 173 179 181 191 193 197 199 211 223 227 229
Chaos ⊗ Chaos → Resonance
461 ∇ → 461
331 337 347 349 353 359 367 373 379 383 389 397 401 409 419 421 431 433 439 443
38 ∇ → 2 19
Chaos ⛩ ∇ → 💠Chaos
433 ∇ → 433
173 160 145 131 118 108 102 100 102 108 118 130 145 159 173 185 194 199 199 196 188 177 164 149 135 121 111 103 100 101
71 73 79 83 89 97 101 103 107 109 113 127 131 137 139 149 151 157 163 167
821 823 827 829 839 853 857 859 863 877 881 883 887 907 911 919 929 937 941 947
159 171 181 190 196 199 199 196 191 182 172 161 148 136 125 115 107 102 100 100 104 110 119 130 142 154 166 177 187 194
100 ∇ → 2 2 5 5
Light ⊗ Chaos → Pattern
274 ∇ → 2 137
163 151 139 128 118 109 103 100 100 102 107 115 124 135 147 159 170 180 189 195 199 199 197 192 185 176 165 153 141 130
156 ∇ → 2 2 3 13
199 199 199 198 195 192 189 184 179 174 168 162 155 149 142 136 130 124 119 114 110 106 103 101 100 100 100 101 103 106
Pattern ⛩ ∇ → 💠Pattern
967 971 977 983 991 997 1009 1013 1019 1021 1031 1033 1039 1049 1051 1061 1063 1069 1087 1091
174 183 191 196 199 199 198 193 187 179 170 159 148 137 127 118 110 104 101 100 101 104 110 118 127 138 148 159 170 179
439 443 449 457 461 463 467 479 487 491 499 503 509 521 523 541 547 557 563 569
151 129 111 101 101 111 129 152 174 191 199 197 185 166 143 122 106 100 103 116 137 159 180 194 199 194 180 159 136 116
Other ⛩ ∇ → 💠Other
Pattern ⛩ ∇ → 💠Pattern
179 181 191 193 197 199 211 223 227 229 233 239 241 251 257 263 269 271 277 281
541 547 557 563 569 571 577 587 593 599 601 607 613 617 619 631 641 643 647 653
709 719 727 733 739 743 751 757 761 769 773 787 797 809 811 821 823 827 829 839
967 971 977 983 991 997 1009 1013 1019 1021 1031 1033 1039 1049 1051 1061 1063 1069 1087 1091
187 170 149 129 112 102 100 107 122 142 164 182 195 199 195 182 164 143 123 108 100 101 112 129 149 170 187 197 199 192
487 ∇ → 487
407 ∇ → 11 37
199 199 197 194 189 183 176 169 161 152 144 135 127 120 113 108 104 101 100 100 101 104 109 114 121 128 136 145 153 162
89 97 101 103 107 109 113 127 131 137 139 149 151 157 163 167 173 179 181 191
Pattern ⛩ ∇ → 💠Pattern
199 194 182 165 145 127 111 102 100 105 118 135 154 173 188 197 199 193 181 163 144 125 110 101 100 106 119 137 156 175
11 13 17 19 23 29 31 37 41 43 47 53 59 61 67 71 73 79 83 89
911 919 929 937 941 947 953 967 971 977 983 991 997 1009 1013 1019 1021 1031 1033 1039
Self ⊗ Self → Resonance
302 ∇ → 2 151
457 461 463 467 479 487 491 499 503 509 521 523 541 547 557 563 569 571 577 587
907 911 919 929 937 941 947 953 967 971 977 983 991 997 1009 1013 1019 1021 1031 1033
6 ∇ → 2 3
Pattern ⛩ ∇ → 💠Pattern
187 178 169 158 146 135 125 116 108 103 100 100 102 106 113 122 132 143 154 165 175 184 192 197 199 199 197 192 185 176
193 181 165 146 128 113 103 100 103 112 127 145 163 180 192 199 199 192 179 162 143 126 111 102 100 104 114 130 148 166
87 ∇ → 3 29
Other ⊗ Other → Resonance
809 811 821 823 827 829 839 853 857 859 863 877 881 883 887 907 911 919 929 937
Void ⊗ Self → Pattern
373 379 383 389 397 401 409 419 421 431 433 439 443 449 457 461 463 467 479 487
557 563 569 571 577 587 593 599 601 607 613 617 619 631 641 643 647 653 659 661
163 175 185 193 198 199 198 193 185 174 162 149 136 124 114 106 101 100 101 106 114 125 137 150 163 175 185 193 198 199
Void ⊗ Light → Pattern
209 ∇ → 11 19
257 263 269 271 277 281 283 293 307 311 313 317 331 337 347 349 353 359 367 373
907 911 919 929 937 941 947 953 967 971 977 983 991 997 1009 1013 1019 1021 1031 1033
186 173 157 141 125 113 104 100 101 108 119 133 149 166 180 191 198 199 195 187 174 158 142 126 113 104 100 101 107 118
173 189 198 199 191 176 157 136 118 105 100 103 114 131 151 171 187 197 199 193 179 160 139 120 106 100 102 112 128 148
176 170 164 158 151 144 138 131 125 120 115 110 107 104 101 100 100 100 101 103 106 110 114 119 125 131 137 144 150 157
Pattern ⊗ Other → Pattern
769 773 787 797 809 811 821 823 827 829 839 853 857 859 863 877 881 883 887 907
197 199 193 180 161 141 122 108 100 101 110 125 145 165 183 195 199 196 184 167 146 127 111 101 100 107 121 139 160 179
787 797 809 811 821 823 827 829 839 853 857 859 863 877 881 883 887 907 911 919
199 197 195 192 188 184 179 174 168 162 156 150 144 137 131 126 120 116 111 108 105 102 101 100 100 100 102 104 107 110
Pattern ⛩ ∇ → 💠Pattern
199 199 194 186 175 162 148 134 121 111 104 100 100 104 112 123 135 149 163 176 187 195 199 199 196 188 178 165 152 138
330 ∇ → 2 3 5 11
82 ∇ → 2 41
Chaos ⊗ Light → Pattern
47 ∇ → 47
184 177 169 160 151 142 133 125 118 111 106 102 100 100 100 103 107 113 119 127 135 144 153 162 170 178 185 191 195 198
787 797 809 811 821 823 827 829 839 853 857 859 863 877 881 883 887 907 911 919
150 160 170 179 187 193 197 199 199 197 193 187 179 170 160 150 139 129 120 113 106 102 100 100 102 106 112 120 129 138
186 191 195 198 199 199 197 194 190 184 177 170 161 153 144 136 128 120 114 108 104 101 100 100 101 104 109 114 121 129
169 153 136 121 109 102 100 103 111 124 139 156 172 185 195 199 198 192 181 166 150 133 119 108 101 100 104 113 127 142
Chaos ⊗ Other → Pattern
154 169 183 193 199 199 194 184 170 155 138 123 111 103 100 102 109 120 135 151 167 181 192 198 199 195 186 173 157 141
211 223 227 229 233 239 241 251 257 263 269 271 277 281 283 293 307 311 313 317
166 185 197 199 191 175 154 132 113 102 100 108 124 146 168 186 197 199 190 174 152 130 112 101 100 109 126 148 170 188
Void ⛩ ∇ → 💠Void
179 181 191 193 197 199 211 223 227 229 233 239 241 251 257 263 269 271 277 281
659 661 673 677 683 691 701 709 719 727 733 739 743 751 757 761 769 773 787 797
67 71 73 79 83 89 97 101 103 107 109 113 127 131 137 139 149 151 157 163
Other ⊗ Chaos → Pattern
150 159 169 177 185 191 196 198 199 199 196 191 185 178 169 160 150 141 131 122 115 109 104 101 100 100 103 107 113 121
198 198 186 166 143 121 105 100 105 121 143 166 186 198 198 188 169 146 123 107 100 104 118 140 163 184 197 199 190 172
13 ∇ → 13
223 227 229 233 239 241 251 257 263 269 271 277 281 283 293 307 311 313 317 331
Self ⊗ Void → Pattern
787 797 809 811 821 823 827 829 839 853 857 859 863 877 881 883 887 907 911 919
199 195 184 168 149 130 115 104 100 103 113 128 147 166 182 194 199 197 188 174 156 136 119 107 100 101 109 123 140 159
Other ⊗ Void → Pattern
157 164 171 177 183 188 192 195 198 199 199 199 197 194 191 186 181 175 169 162 155 148 140 133 127 121 115 110 106 103
197 185 166 145 124 108 100 102 112 130 151 172 189 198 198 189 172 151 129 112 101 100 108 124 145 167 185 197 199 192
521 523 541 547 557 563 569 571 577 587 593 599 601 607 613 617 619 631 641 643
Self ⊗ Void → Pattern
93 ∇ → 3 31
107 109 113 127 131 137 139 149 151 157 163 167 173 179 181 191 193 197 199 211
Pattern ⊗ Chaos → Pattern
413 ∇ → 7 59
199 199 195 188 177 163 149 135 122 111 103 100 100 105 113 125 138 153 167 179 190 197 199 198 193 184 172 158 144 130
194 197 199 199 199 198 195 192 188 182 177 170 163 156 149 142 135 128 122 116 111 107 104 101 100 100 100 102 105 109
193 185 174 162 148 135 123 113 105 101 100 102 108 117 128 140 154 167 178 188 195 199 199 196 189 180 169 156 142 130
521 523 541 547 557 563 569 571 577 587 593 599 601 607 613 617 619 631 641 643
165 155 146 136 127 119 112 107 102 100 100 101 104 109 115 122 131 140 149 159 168 177 184 190 195 198 199 199 197 192
198 195 190 183 176 168 159 149 140 131 122 115 109 104 101 100 100 102 106 111 118 126 134 143 153 162 171 179 186 192
321 ∇ → 3 107
286 ∇ → 2 11 13
163 167 173 179 181 191 193 197 199 211 223 227 229 233 239 241 251 257 263 269
Chaos ⛩ ∇ → 💠Chaos
Self ⛩ ∇ → 💠Self
Light ⛩ ∇ → 💠Light
673 677 683 691 701 709 719 727 733 739 743 751 757 761 769 773 787 797 809 811
124 ∇ → 2 2 31
14 ∇ → 2 7
641 643 647 653 659 661 673 677 683 691 701 709 719 727 733 739 743 751 757 761
701 709 719 727 733 739 743 751 757 761 769 773 787 797 809 811 821 823 827 829
Void ⛩ ∇ → 💠Void
367 373 379 383 389 397 401 409 419 421 431 433 439 443 449 457 461 463 467 479
Other ⊗ Chaos → Pattern
Self ⛩ ∇ → 💠Self
Chaos ⛩ ∇ → 💠Chaos
Other ⊗ Other → Resonance
Other ⊗ Light → Pattern
133 ∇ → 7 19
179 192 199 199 192 179 163 144 127 112 103 100 103 113 129 147 165 181 193 199 198 191 178 161 142 125 111 102 100 104
191 197 199 198 193 185 174 161 147 133 121 111 104 100 100 104 111 121 134 147 161 174 185 193 198 199 197 191 182 170
467 ∇ → 467
Chaos ⛩ ∇ → 💠Chaos
359 367 373 379 383 389 397 401 409 419 421 431 433 439 443 449 457 461 463 467
471 ∇ → 3 157
48 ∇ → 2 2 2 2 3
194 198 199 199 197 192 187 179 170 161 151 141 131 123 115 108 103 100 100 101 103 108 115 123 132 141 151 161 171 179
350 ∇ → 2 5 5 7
163 167 173 179 181 191 193 197 199 211 223 227 229 233 239 241 251 257 263 269
Chaos ⊗ Chaos → Resonance
937 941 947 953 967 971 977 983 991 997 1009 1013 1019 1021 1031 1033 1039 1049 1051 1061
199 199 194 185 172 157 141 126 113 104 100 100 106 115 129 144 159 174 187 195 199 198 193 183 169 154 138 124 112 103
587 593 599 601 607 613 617 619 631 641 643 647 653 659 661 673 677 683 691 701
185 181 177 172 166 161 155 150 144 138 133 128 123 118 114 110 107 104 102 101 100 100 100 101 103 105 108 111 115 120
199 192 177 156 134 115 103 100 107 122 143 165 184 196 199 192 177 156 133 114 102 100 107 123 144 166 185 197 199 192
118 ∇ → 2 59
253 ∇ → 11 23
191 197 199 198 194 187 177 166 153 140 128 117 108 102 100 100 104 111 121 132 145 158 170 181 190 196 199 199 195 188
205 ∇ → 5 41
293 307 311 313 317 331 337 347 349 353 359 367 373 379 383 389 397 401 409 419
Light ⊗ Chaos → Pattern
155 143 131 120 112 105 101 100 101 105 112 121 132 144 156 167 178 187 194 198 199 198 194 187 178 168 156 144 132 122
295 ∇ → 5 59
Chaos ⊗ Self → Pattern
593 599 601 607 613 617 619 631 641 643 647 653 659 661 673 677 683 691 701 709
199 198 195 190 183 176 168 159 149 140 131 123 115 109 104 101 100 100 102 106 111 118 125 134 143 152 162 171 179 186
436 ∇ → 2 2 109
Other ⊗ Self → Pattern
187 177 166 153 141 129 118 109 103 100 100 103 109 118 129 141 154 166 177 187 194 198 199 197 192 184 174 163 150 137
451 ∇ → 11 41
223 ∇ → 223
199 199 199 198 196 193 190 186 181 176 171 165 159 152 146 140 134 128 122 117 113 109 105 103 101 100 100 100 101 103
Void ⊗ Void → Resonance
167 173 179 181 191 193 197 199 211 223 227 229 233 239 241 251 257 263 269 271
809 811 821 823 827 829 839 853 857 859 863 877 881 883 887 907 911 919 929 937
Chaos ⛩ ∇ → 💠Chaos
195 186 173 158 142 126 113 104 100 101 106 117 130 146 162 177 189 197 199 197 190 179 164 148 132 118 107 101 100 103
303 ∇ → 3 101
185 176 165 154 143 132 122 113 106 102 100 100 103 109 117 126 137 148 159 170 180 188 194 198 199 198 194 188 180 170
Pattern ⛩ ∇ → 💠Pattern
281 ∇ → 281
153 128 109 100 103 116 138 163 184 197 199 188 169 145 121 105 100 106 123 146 170 189 199 197 183 161 137 115 102 100
152 130 112 101 100 109 126 148 170 188 198 198 189 171 149 127 110 101 101 111 129 151 173 190 199 198 187 169 146 125
344 ∇ → 2 2 2 43
947 953 967 971 977 983 991 997 1009 1013 1019 1021 1031 1033 1039 1049 1051 1061 1063 1069
437 ∇ → 19 23
673 677 683 691 701 709 719 727 733 739 743 751 757 761 769 773 787 797 809 811
187 ∇ → 11 17
261 ∇ → 3 3 29
13 ∇ → 13
165 175 183 190 195 198 199 199 196 191 184 176 167 157 147 137 127 118 111 105 102 100 100 102 107 113 120 129 139 149
162 141 121 107 100 101 111 128 148 169 186 197 199 193 180 161 140 121 107 100 102 112 128 149 169 186 197 199 193 179
607 613 617 619 631 641 643 647 653 659 661 673 677 683 691 701 709 719 727 733
78 ∇ → 2 3 13
479 487 491 499 503 509 521 523 541 547 557 563 569 571 577 587 593 599 601 607
Void ⛩ ∇ → 💠Void
179 181 191 193 197 199 211 223 227 229 233 239 241 251 257 263 269 271 277 281
Void ⛩ ∇ → 💠Void
180 188 194 198 199 198 195 189 180 171 160 149 138 127 118 110 104 100 100 101 105 112 120 130 140 152 163 173 183 190
182 168 153 137 122 111 103 100 101 108 119 133 149 164 179 190 197 199 197 189 178 164 148 132 118 108 101 100 103 111
757 761 769 773 787 797 809 811 821 823 827 829 839 853 857 859 863 877 881 883
142 ∇ → 2 71
168 158 148 138 129 120 113 107 102 100 100 101 105 110 117 125 134 143 153 163 172 181 188 193 197 199 199 197 193 188
471 ∇ → 3 157
113 127 131 137 139 149 151 157 163 167 173 179 181 191 193 197 199 211 223 227
266 ∇ → 2 7 19
Light ⊗ Pattern → Pattern
769 773 787 797 809 811 821 823 827 829 839 853 857 859 863 877 881 883 887 907
475 ∇ → 5 5 19
449 457 461 463 467 479 487 491 499 503 509 521 523 541 547 557 563 569 571 577
176 167 158 149 140 131 123 115 109 104 101 100 100 102 106 111 117 125 134 143 152 161 170 178 185 191 196 198 199 199
151 170 185 196 199 196 186 170 152 133 116 105 100 102 111 126 144 163 180 193 199 198 190 176 159 140 122 108 101 100
167 ∇ → 167
367 373 379 383 389 397 401 409 419 421 431 433 439 443 449 457 461 463 467 479
247 ∇ → 13 19
271 277 281 283 293 307 311 313 317 331 337 347 349 353 359 367 373 379 383 389
Chaos ⛩ ∇ → 💠Chaos
131 137 139 149 151 157 163 167 173 179 181 191 193 197 199 211 223 227 229 233
7 ∇ → 7
Pattern ⊗ Light → Pattern
89 ∇ → 89
Other ⊗ Chaos → Pattern
194 179 158 135 115 102 100 108 125 148 170 189 198 198 187 168 145 123 107 100 103 117 137 160 181 195 199 193 177 156
188 193 197 199 199 198 194 189 182 175 166 157 147 137 128 120 113 107 103 100 100 101 104 108 114 122 130 140 149 159
Void ⛩ ∇ → 💠Void
Self ⛩ ∇ → 💠Self
198 193 183 170 155 140 125 113 104 100 100 105 115 127 142 157 172 184 194 199 199 195 186 174 159 144 129 116 106 101
160 149 137 126 117 109 103 100 100 102 106 113 122 133 144 156 167 177 186 193 198 199 199 195 189 181 172 161 149 138
Void ⊗ Self → Pattern
94 ∇ → 2 47
196 198 199 199 197 193 188 182 174 166 158 149 140 131 123 116 110 105 102 100 100 101 104 108 114 121 129 137 146 155
349 ∇ → 349
291 ∇ → 3 97
322 ∇ → 2 7 23
426 ∇ → 2 3 71
757 761 769 773 787 797 809 811 821 823 827 829 839 853 857 859 863 877 881 883
587 593 599 601 607 613 617 619 631 641 643 647 653 659 661 673 677 683 691 701
438 ∇ → 2 3 73
150 ∇ → 2 3 5 5
112 ∇ → 2 2 2 2 7
Light ⊗ Chaos → Pattern
170 ∇ → 2 5 17
162 167 173 178 182 186 190 193 196 198 199 199 199 199 197 195 193 190 186 182 177 172 167 161 156 150 144 138 133 128
113 127 131 137 139 149 151 157 163 167 173 179 181 191 193 197 199 211 223 227
Self ⛩ ∇ → 💠Self
186 197 199 189 171 149 126 109 100 102 114 134 158 179 194 199 194 179 158 134 115 102 100 109 126 148 171 189 199 197
919 929 937 941 947 953 967 971 977 983 991 997 1009 1013 1019 1021 1031 1033 1039 1049
162 140 120 106 100 103 115 133 154 175 191 199 198 187 170 149 128 111 101 100 109 125 146 167 185 197 199 192 178 157
Void ⊗ Other → Pattern
159 ∇ → 3 53
691 701 709 719 727 733 739 743 751 757 761 769 773 787 797 809 811 821 823 827
Void ⊗ Light → Pattern
161 143 125 110 102 100 105 117 133 152 170 186 196 199 196 186 170 152 133 117 105 100 101 110 124 142 161 178 191 199
167 ∇ → 167
174 155 136 119 106 100 101 110 125 144 164 181 193 199 197 188 173 154 135 118 105 100 102 111 127 145 165 182 194 199
Self ⊗ Other → Pattern
184 192 198 199 197 192 182 171 158 144 130 118 109 102 100 101 106 114 125 138 152 165 178 188 195 199 199 195 188 177
Pattern ⛩ ∇ → 💠Pattern
937 941 947 953 967 971 977 983 991 997 1009 1013 1019 1021 1031 1033 1039 1049 1051 1061
181 194 199 197 188 173 154 135 118 105 100 102 111 126 144 164 181 193 199 198 189 174 155 136 118 106 100 101 110 125
Self ⊗ Void → Pattern
116 ∇ → 2 2 29
487 491 499 503 509 521 523 541 547 557 563 569 571 577 587 593 599 601 607 613
199 196 189 179 165 151 136 122 111 103 100 100 106 114 127 141 156 170 182 192 198 199 197 190 179 166 151 136 123 111
659 661 673 677 683 691 701 709 719 727 733 739 743 751 757 761 769 773 787 797
156 172 185 194 199 199 193 182 169 153 137 122 110 102 100 102 110 121 136 152 168 182 192 198 199 195 185 172 157 141
196 199 192 175 154 131 112 101 100 110 127 149 172 189 199 198 187 168 146 124 107 100 102 115 135 157 178 194 199 195
Pattern ⛩ ∇ → 💠Pattern
439 443 449 457 461 463 467 479 487 491 499 503 509 521 523 541 547 557 563 569
227 229 233 239 241 251 257 263 269 271 277 281 283 293 307 311 313 317 331 337
149 151 157 163 167 173 179 181 191 193 197 199 211 223 227 229 233 239 241 251
318 ∇ → 2 3 53
Void ⊗ Light → Pattern
Chaos ⛩ ∇ → 💠Chaos
179 156 132 112 101 101 112 132 156 179 194 199 193 176 154 130 110 100 102 114 135 159 181 195 199 192 174 151 127 109
313 ∇ → 313
139 ∇ → 139
Chaos ⊗ Light → Pattern
323 ∇ → 17 19
23 ∇ → 23
419 421 431 433 439 443 449 457 461 463 467 479 487 491 499 503 509 521 523 541
193 180 161 141 121 107 100 101 111 128 148 168 186 197 199 194 180 162 141 122 107 100 101 111 128 148 168 185 196 199
199 194 180 159 136 116 103 100 107 124 146 169 187 198 198 188 170 147 125 108 100 102 115 135 158 179 194 199 194 180
787 797 809 811 821 823 827 829 839 853 857 859 863 877 881 883 887 907 911 919
Pattern ⛩ ∇ → 💠Pattern
733 739 743 751 757 761 769 773 787 797 809 811 821 823 827 829 839 853 857 859
Pattern ⛩ ∇ → 💠Pattern
194 178 156 132 112 101 101 112 131 155 177 193 199 194 179 157 133 113 101 101 111 130 153 176 193 199 195 180 158 134
170 190 199 196 182 160 135 114 102 101 112 132 157 180 195 199 192 173 149 126 107 100 104 120 142 167 187 198 197 185
821 823 827 829 839 853 857 859 863 877 881 883 887 907 911 919 929 937 941 947
Light ⛩ ∇ → 💠Light
199 199 192 179 162 144 126 111 102 100 104 114 130 148 166 182 194 199 198 189 176 158 139 122 109 101 100 106 118 134
Chaos ⊗ Light → Pattern
211 223 227 229 233 239 241 251 257 263 269 271 277 281 283 293 307 311 313 317
37 41 43 47 53 59 61 67 71 73 79 83 89 97 101 103 107 109 113 127
329 ∇ → 7 47
152 141 130 121 112 106 102 100 100 103 108 115 124 134 145 156 167 177 185 192 197 199 199 197 192 185 176 166 155 144
337 347 349 353 359 367 373 379 383 389 397 401 409 419 421 431 433 439 443 449
434 ∇ → 2 7 31
198 190 177 161 143 126 112 103 100 102 111 125 142 160 176 189 197 199 195 185 170 153 135 119 107 101 100 106 117 133
757 761 769 773 787 797 809 811 821 823 827 829 839 853 857 859 863 877 881 883
168 147 127 111 101 100 108 123 142 163 182 195 199 196 184 166 145 125 109 101 101 109 124 144 165 183 195 199 195 182
Light ⊗ Pattern → Pattern
379 383 389 397 401 409 419 421 431 433 439 443 449 457 461 463 467 479 487 491
152 133 117 105 100 102 110 125 143 161 179 192 199 199 192 178 161 142 124 110 102 100 105 117 133 152 170 186 196 199
Chaos ⛩ ∇ → 💠Chaos
907 911 919 929 937 941 947 953 967 971 977 983 991 997 1009 1013 1019 1021 1031 1033
599 601 607 613 617 619 631 641 643 647 653 659 661 673 677 683 691 701 709 719
643 647 653 659 661 673 677 683 691 701 709 719 727 733 739 743 751 757 761 769
185 192 197 199 198 194 187 177 166 154 141 129 118 109 103 100 100 103 109 118 128 140 153 165 177 186 194 198 199 198
198 189 175 157 137 120 107 100 101 109 123 141 160 178 192 199 198 191 177 159 140 122 108 101 100 107 121 138 158 176
232 ∇ → 2 2 2 29
181 160 137 117 103 100 107 123 145 168 187 198 199 189 171 148 126 109 100 102 114 134 157 178 193 199 195 181 160 136
919 929 937 941 947 953 967 971 977 983 991 997 1009 1013 1019 1021 1031 1033 1039 1049
151 131 115 103 100 103 114 131 150 170 186 196 199 195 183 166 147 128 112 102 100 105 117 135 154 173 188 197 199 193
435 ∇ → 3 5 29
315 ∇ → 3 3 5 7
61 67 71 73 79 83 89 97 101 103 107 109 113 127 131 137 139 149 151 157
158 139 123 109 101 100 105 116 131 149 167 182 194 199 198 191 178 161 143 126 112 102 100 103 113 128 145 163 179 192
787 797 809 811 821 823 827 829 839 853 857 859 863 877 881 883 887 907 911 919
195 199 192 174 150 126 108 100 104 119 141 166 186 198 198 186 165 141 118 103 100 108 127 151 174 192 199 195 179 156
Self ⛩ ∇ → 💠Self
205 ∇ → 5 41
199 191 176 157 137 119 105 100 102 113 129 149 169 186 197 199 194 181 163 143 123 109 101 101 109 124 143 163 181 194
307 311 313 317 331 337 347 349 353 359 367 373 379 383 389 397 401 409 419 421
Chaos ⊗ Light → Pattern
101 ∇ → 101
193 178 157 134 114 102 100 108 124 146 168 187 198 199 189 172 149 127 110 100 101 112 131 153 175 191 199 197 184 165
35 ∇ → 5 7
330 ∇ → 2 3 5 11
172 182 190 196 199 199 196 191 183 173 162 150 138 127 117 109 103 100 100 102 108 116 125 137 149 161 172 182 190 196
108 ∇ → 2 2 3 3 3
773 787 797 809 811 821 823 827 829 839 853 857 859 863 877 881 883 887 907 911
190 184 177 169 161 151 142 133 125 117 111 106 102 100 100 101 104 108 114 121 129 138 147 156 165 174 181 188 193 197
Chaos ⊗ Chaos → Resonance
Chaos ⊗ Self → Pattern
Chaos ⊗ Void → Pattern
334 ∇ → 2 167
188 199 197 184 163 139 117 103 100 108 127 150 174 192 199 195 180 158 134 113 101 101 112 132 156 179 194 199 193 176
Void ⛩ ∇ → 💠Void
Other ⛩ ∇ → 💠Other
155 141 127 115 106 101 100 103 110 120 133 147 162 175 186 195 199 199 195 187 176 163 148 134 121 110 103 100 101 106
563 569 571 577 587 593 599 601 607 613 617 619 631 641 643 647 653 659 661 673
197 ∇ → 197
199 195 183 165 145 125 110 101 100 107 122 141 161 179 193 199 197 187 171 151 131 114 103 100 104 117 135 155 174 190
305 ∇ → 5 61
97 101 103 107 109 113 127 131 137 139 149 151 157 163 167 173 179 181 191 193
Pattern ⊗ Other → Pattern
Chaos ⛩ ∇ → 💠Chaos
143 ∇ → 11 13
547 557 563 569 571 577 587 593 599 601 607 613 617 619 631 641 643 647 653 659
409 419 421 431 433 439 443 449 457 461 463 467 479 487 491 499 503 509 521 523
183 192 198 199 197 191 182 170 156 142 128 116 107 101 100 102 107 117 129 142 156 170 182 191 197 199 198 192 183 171
174 190 198 199 191 176 157 136 118 105 100 103 113 130 150 170 187 197 199 193 180 161 141 122 107 100 101 110 126 146
Pattern ⛩ ∇ → 💠Pattern
Void ⊗ Light → Pattern
185 193 198 199 198 194 187 178 168 156 143 131 121 111 105 101 100 101 106 114 123 134 147 159 171 181 189 196 199 199
161 141 122 108 100 101 109 124 144 164 181 194 199 197 186 170 150 130 114 103 100 105 117 134 154 174 189 198 199 192
Pattern ⊗ Light → Pattern
Pattern ⛩ ∇ → 💠Pattern
51 ∇ → 3 17
485 ∇ → 5 97
163 167 173 179 181 191 193 197 199 211 223 227 229 233 239 241 251 257 263 269
607 613 617 619 631 641 643 647 653 659 661 673 677 683 691 701 709 719 727 733
157 144 131 120 111 104 100 100 103 109 117 128 141 153 166 178 187 194 199 199 197 191 183 172 160 147 135 123 113 105
Pattern ⛩ ∇ → 💠Pattern
Light ⛩ ∇ → 💠Light
Light ⛩ ∇ → 💠Light
197 199 191 174 152 130 111 101 101 111 129 151 173 190 199 197 186 167 144 123 107 100 103 116 136 159 179 194 199 195
839 853 857 859 863 877 881 883 887 907 911 919 929 937 941 947 953 967 971 977
Self ⊗ Chaos → Pattern
757 761 769 773 787 797 809 811 821 823 827 829 839 853 857 859 863 877 881 883
189 179 167 153 139 126 114 106 101 100 103 109 119 132 145 160 173 184 193 198 199 197 190 180 168 154 140 127 115 106
413 ∇ → 7 59
631 641 643 647 653 659 661 673 677 683 691 701 709 719 727 733 739 743 751 757
331 337 347 349 353 359 367 373 379 383 389 397 401 409 419 421 431 433 439 443
199 195 179 157 132 112 101 101 114 135 160 182 196 199 190 171 147 123 106 100 105 122 145 169 189 199 197 183 161 137
Void ⊗ Light → Pattern
199 199 195 188 178 166 153 140 127 116 107 102 100 101 106 113 124 136 149 163 175 185 193 198 199 197 192 183 172 160
182 175 166 157 148 139 130 122 115 109 104 101 100 100 102 105 110 117 124 133 142 151 160 169 177 184 190 195 198 199
Other ⛩ ∇ → 💠Other
127 131 137 139 149 151 157 163 167 173 179 181 191 193 197 199 211 223 227 229
Void ⊗ Pattern → Pattern
199 198 190 177 160 142 125 111 102 100 103 113 127 144 162 179 191 198 199 194 182 167 149 132 116 105 100 101 108 121
199 ∇ → 199
199 197 192 183 171 158 144 131 119 109 103 100 100 105 113 123 136 149 163 176 186 194 199 199 196 190 180 168 155 141
Void ⛩ ∇ → 💠Void
180 189 195 199 199 196 190 181 170 157 145 132 121 111 104 100 100 102 108 117 128 140 153 166 177 187 194 198 199 197
182 195 199 194 179 158 136 116 103 100 106 121 142 164 183 196 199 193 178 157 134 115 103 100 107 122 143 165 185 197
155 148 142 135 129 123 117 112 108 105 102 100 100 100 101 102 105 109 113 118 123 129 136 142 149 156 163 169 175 181
222 ∇ → 2 3 37
409 ∇ → 409
163 156 149 141 134 128 121 116 111 106 103 101 100 100 100 102 105 109 114 119 125 132 139 146 153 161 167 174 180 186
71 73 79 83 89 97 101 103 107 109 113 127 131 137 139 149 151 157 163 167
Void ⛩ ∇ → 💠Void
Chaos ⊗ Chaos → Resonance
593 599 601 607 613 617 619 631 641 643 647 653 659 661 673 677 683 691 701 709
83 89 97 101 103 107 109 113 127 131 137 139 149 151 157 163 167 173 179 181
Void ⊗ Pattern → Pattern
220 ∇ → 2 2 5 11
196 190 182 173 162 150 138 127 117 109 103 100 100 102 107 114 123 134 145 157 168 179 187 194 198 199 198 194 188 179
183 178 173 167 161 155 149 143 137 131 125 120 115 111 107 104 102 100 100 100 100 102 104 107 110 114 119 124 130 136
Void ⛩ ∇ → 💠Void
907 911 919 929 937 941 947 953 967 971 977 983 991 997 1009 1013 1019 1021 1031 1033
195 199 197 187 172 154 135 118 106 100 101 109 123 141 160 177 191 198 199 192 179 162 144 125 111 102 100 105 116 132
159 174 187 195 199 198 192 181 167 151 135 121 109 102 100 102 110 122 137 153 169 182 193 198 199 195 186 173 157 141
Void ⊗ Chaos → Pattern
Self ⊗ Self → Resonance
Chaos ⛩ ∇ → 💠Chaos
425 ∇ → 5 5 17
Light ⛩ ∇ → 💠Light
367 373 379 383 389 397 401 409 419 421 431 433 439 443 449 457 461 463 467 479
Light ⛩ ∇ → 💠Light
224 ∇ → 2 2 2 2 2 7
Light ⊗ Pattern → Pattern
Chaos ⊗ Chaos → Resonance
267 ∇ → 3 89
42 ∇ → 2 3 7
441 ∇ → 3 3 7 7
Chaos ⊗ Void → Pattern
149 151 157 163 167 173 179 181 191 193 197 199 211 223 227 229 233 239 241 251
Light ⊗ Other → Pattern
599 601 607 613 617 619 631 641 643 647 653 659 661 673 677 683 691 701 709 719
163 167 173 179 181 191 193 197 199 211 223 227 229 233 239 241 251 257 263 269
147 ∇ → 3 7 7
289 ∇ → 17 17
146 ∇ → 2 73
269 ∇ → 269
191 198 199 195 184 170 153 135 120 108 101 100 105 116 130 148 165 180 192 198 199 193 182 167 150 133 118 106 100 100
Other ⊗ Chaos → Pattern
593 599 601 607 613 617 619 631 641 643 647 653 659 661 673 677 683 691 701 709
Pattern ⛩ ∇ → 💠Pattern
33 ∇ → 3 11
360 ∇ → 2 2 2 3 3 5
149 151 157 163 167 173 179 181 191 193 197 199 211 223 227 229 233 239 241 251
164 145 127 112 103 100 103 113 128 146 164 181 193 199 198 191 178 161 143 125 111 102 100 104 115 130 148 167 182 194
375 ∇ → 3 5 5 5
158 ∇ → 2 79
947 953 967 971 977 983 991 997 1009 1013 1019 1021 1031 1033 1039 1049 1051 1061 1063 1069
83 ∇ → 83
277 281 283 293 307 311 313 317 331 337 347 349 353 359 367 373 379 383 389 397
173 ∇ → 173
Light ⛩ ∇ → 💠Light
438 ∇ → 2 3 73
Light ⊗ Void → Pattern
997 1009 1013 1019 1021 1031 1033 1039 1049 1051 1061 1063 1069 1087 1091 1093 1097 1103 1109 1117
84 ∇ → 2 2 3 7
197 199 196 187 174 157 140 124 110 102 100 103 112 126 143 160 176 189 197 199 196 186 172 155 138 122 109 101 100 104
607 613 617 619 631 641 643 647 653 659 661 673 677 683 691 701 709 719 727 733
127 131 137 139 149 151 157 163 167 173 179 181 191 193 197 199 211 223 227 229
Light ⛩ ∇ → 💠Light
198 199 197 192 183 172 160 147 134 122 112 105 100 100 102 108 117 128 140 153 166 178 188 195 199 199 196 190 181 170
154 162 169 176 183 188 193 196 199 199 199 197 194 190 185 179 172 165 157 149 141 133 126 119 113 108 104 101 100 100
211 223 227 229 233 239 241 251 257 263 269 271 277 281 283 293 307 311 313 317
254 ∇ → 2 127
324 ∇ → 2 2 3 3 3 3
Chaos ⊗ Light → Pattern
194 199 198 191 178 162 144 127 113 103 100 102 111 125 141 159 176 189 197 199 195 185 171 153 136 120 108 101 100 106
269 ∇ → 269
427 ∇ → 7 61
397 401 409 419 421 431 433 439 443 449 457 461 463 467 479 487 491 499 503 509
929 937 941 947 953 967 971 977 983 991 997 1009 1013 1019 1021 1031 1033 1039 1049 1051
499 503 509 521 523 541 547 557 563 569 571 577 587 593 599 601 607 613 617 619
Light ⛩ ∇ → 💠Light
406 ∇ → 2 7 29
907 911 919 929 937 941 947 953 967 971 977 983 991 997 1009 1013 1019 1021 1031 1033
Other ⛩ ∇ → 💠Other
673 677 683 691 701 709 719 727 733 739 743 751 757 761 769 773 787 797 809 811
Chaos ⛩ ∇ → 💠Chaos
197 199 211 223 227 229 233 239 241 251 257 263 269 271 277 281 283 293 307 311
443 449 457 461 463 467 479 487 491 499 503 509 521 523 541 547 557 563 569 571
308 ∇ → 2 2 7 11
877 881 883 887 907 911 919 929 937 941 947 953 967 971 977 983 991 997 1009 1013
402 ∇ → 2 3 67
164 ∇ → 2 2 41
Light ⛩ ∇ → 💠Light
197 194 190 186 180 174 167 160 153 145 138 131 124 118 113 108 104 102 100 100 100 102 104 108 113 118 124 131 138 145
198 ∇ → 2 3 3 11
Chaos ⛩ ∇ → 💠Chaos
350 ∇ → 2 5 5 7
181 192 198 199 195 186 172 156 140 124 112 103 100 102 109 120 135 152 168 182 193 199 199 194 184 171 155 138 123 110
Self ⊗ Chaos → Pattern
Light ⛩ ∇ → 💠Light
220 ∇ → 2 2 5 11
174 183 190 196 199 199 197 193 186 177 167 156 145 134 123 114 107 102 100 100 103 108 115 124 134 145 157 168 178 186
59 61 67 71 73 79 83 89 97 101 103 107 109 113 127 131 137 139 149 151
180 186 191 195 198 199 199 198 195 191 185 179 171 164 155 147 138 130 123 116 110 106 102 100 100 100 103 106 111 117
293 307 311 313 317 331 337 347 349 353 359 367 373 379 383 389 397 401 409 419
168 156 144 132 122 112 105 101 100 101 105 112 122 132 144 156 168 179 188 194 198 199 198 193 186 176 165 153 141 129
17 ∇ → 17
450 ∇ → 2 3 3 5 5
195 199 195 182 163 142 123 108 100 101 111 128 149 169 187 197 199 192 178 158 137 118 105 100 103 115 133 154 174 190
331 ∇ → 331
911 919 929 937 941 947 953 967 971 977 983 991 997 1009 1013 1019 1021 1031 1033 1039
719 727 733 739 743 751 757 761 769 773 787 797 809 811 821 823 827 829 839 853
Light ⛩ ∇ → 💠Light
181 191 198 199 196 189 177 163 148 132 119 108 101 100 102 110 121 135 151 166 180 191 197 199 197 190 178 164 149 134
186 179 171 161 152 142 133 124 116 109 104 101 100 100 102 106 112 119 127 137 146 156 165 174 182 189 194 198 199 199
181 174 168 161 153 146 138 131 125 118 113 108 105 102 100 100 100 102 104 108 113 118 124 131 138 145 153 160 167 174
223 227 229 233 239 241 251 257 263 269 271 277 281 283 293 307 311 313 317 331
379 ∇ → 379
967 971 977 983 991 997 1009 1013 1019 1021 1031 1033 1039 1049 1051 1061 1063 1069 1087 1091
Self ⛩ ∇ → 💠Self
Pattern ⊗ Self → Pattern
661 673 677 683 691 701 709 719 727 733 739 743 751 757 761 769 773 787 797 809
452 ∇ → 2 2 113
701 709 719 727 733 739 743 751 757 761 769 773 787 797 809 811 821 823 827 829
177 ∇ → 3 59
180 188 194 198 199 199 196 192 185 177 168 158 147 137 127 118 111 105 101 100 100 103 108 115 123 132 143 153 163 173
171 ∇ → 3 3 19
417 ∇ → 3 139
241 ∇ → 241
198 191 180 166 150 134 120 108 101 100 103 111 123 138 154 170 183 193 199 199 194 185 172 156 140 125 112 104 100 101
136 ∇ → 2 2 2 17
Chaos ⊗ Other → Pattern
303 ∇ → 3 101
313 317 331 337 347 349 353 359 367 373 379 383 389 397 401 409 419 421 431 433
Chaos ⊗ Pattern → Pattern
331 337 347 349 353 359 367 373 379 383 389 397 401 409 419 421 431 433 439 443
199 196 192 187 179 171 162 153 143 134 125 117 110 105 101 100 100 102 105 111 117 125 134 144 153 163 172 180 187 193
853 857 859 863 877 881 883 887 907 911 919 929 937 941 947 953 967 971 977 983
Void ⊗ Self → Pattern
179 185 190 194 197 199 199 199 197 194 190 184 178 171 164 156 148 140 133 126 119 113 108 104 101 100 100 101 103 106
172 185 194 199 199 193 184 170 155 139 124 112 103 100 101 108 118 132 148 164 178 190 197 199 197 189 178 163 147 132
673 677 683 691 701 709 719 727 733 739 743 751 757 761 769 773 787 797 809 811
160 180 194 199 196 183 164 143 122 107 100 102 113 131 153 174 190 199 198 188 171 150 129 111 101 100 108 124 145 167
163 167 173 179 181 191 193 197 199 211 223 227 229 233 239 241 251 257 263 269
Light ⊗ Pattern → Pattern
64 ∇ → 2 2 2 2 2 2
353 359 367 373 379 383 389 397 401 409 419 421 431 433 439 443 449 457 461 463
199 196 189 179 166 152 137 124 113 105 100 100 104 111 122 135 150 164 177 188 195 199 199 194 186 175 161 147 133 120
Other ⊗ Chaos → Pattern
Void ⊗ Other → Pattern
Light ⛩ ∇ → 💠Light
443 449 457 461 463 467 479 487 491 499 503 509 521 523 541 547 557 563 569 571
463 467 479 487 491 499 503 509 521 523 541 547 557 563 569 571 577 587 593 599
827 829 839 853 857 859 863 877 881 883 887 907 911 919 929 937 941 947 953 967
127 131 137 139 149 151 157 163 167 173 179 181 191 193 197 199 211 223 227 229
Light ⊗ Other → Pattern
179 181 191 193 197 199 211 223 227 229 233 239 241 251 257 263 269 271 277 281
174 187 196 199 197 189 176 160 143 127 113 103 100 102 109 122 138 155 171 185 195 199 198 190 178 163 146 129 115 105
887 907 911 919 929 937 941 947 953 967 971 977 983 991 997 1009 1013 1019 1021 1031
7 ∇ → 7
190 195 198 199 199 197 193 188 181 173 164 154 145 135 127 118 112 106 102 100 100 101 104 109 116 123 132 141 150 160
Chaos ⛩ ∇ → 💠Chaos
310 ∇ → 2 5 31
89 97 101 103 107 109 113 127 131 137 139 149 151 157 163 167 173 179 181 191
311 313 317 331 337 347 349 353 359 367 373 379 383 389 397 401 409 419 421 431
156 144 133 122 114 107 102 100 100 103 109 117 126 137 148 160 171 180 189 195 198 199 198 194 187 179 169 158 146 135
521 523 541 547 557 563 569 571 577 587 593 599 601 607 613 617 619 631 641 643
863 877 881 883 887 907 911 919 929 937 941 947 953 967 971 977 983 991 997 1009
271 ∇ → 271
Chaos ⛩ ∇ → 💠Chaos
Light ⊗ Void → Pattern
440 ∇ → 2 2 2 5 11
171 177 183 189 193 196 198 199 199 198 195 192 187 182 176 169 161 154 146 139 131 124 118 112 108 104 101 100 100 100
372 ∇ → 2 2 3 31
199 199 198 195 190 184 176 167 157 148 138 128 120 112 107 102 100 100 101 105 110 117 125 134 144 154 163 173 181 188
197 199 196 188 176 161 145 130 116 106 100 100 104 114 127 142 158 173 186 195 199 198 192 182 168 153 137 122 110 102
Void ⛩ ∇ → 💠Void
198 193 185 174 161 147 134 121 111 104 100 100 103 110 120 132 146 159 172 184 192 198 199 198 192 183 172 159 146 132
192 176 155 132 113 102 100 109 126 148 171 189 198 198 188 169 147 125 108 100 102 114 134 156 178 193 199 195 182 162
199 195 181 159 135 114 102 100 110 129 152 175 192 199 195 181 159 135 115 102 100 110 128 152 175 192 199 195 181 159
Pattern ⛩ ∇ → 💠Pattern
112 ∇ → 2 2 2 2 7
Light ⛩ ∇ → 💠Light
Void ⛩ ∇ → 💠Void
587 593 599 601 607 613 617 619 631 641 643 647 653 659 661 673 677 683 691 701
379 383 389 397 401 409 419 421 431 433 439 443 449 457 461 463 467 479 487 491
470 ∇ → 2 5 47
154 ∇ → 2 7 11
181 170 158 145 133 122 112 105 101 100 101 106 114 124 136 148 160 172 183 191 197 199 199 195 189 180 169 157 144 132
199 196 187 175 160 143 128 114 105 100 100 106 117 131 147 163 178 190 197 199 197 189 176 161 145 129 116 106 100 100
Pattern ⛩ ∇ → 💠Pattern
192 195 198 199 199 199 197 193 189 184 179 172 165 158 151 143 136 129 122 116 111 107 103 101 100 100 101 103 106 110
967 971 977 983 991 997 1009 1013 1019 1021 1031 1033 1039 1049 1051 1061 1063 1069 1087 1091
Light ⊗ Pattern → Pattern
275 ∇ → 5 5 11
172 ∇ → 2 2 43
167 173 179 181 191 193 197 199 211 223 227 229 233 239 241 251 257 263 269 271
Light ⛩ ∇ → 💠Light
238 ∇ → 2 7 17
194 196 198 199 199 199 199 198 196 194 191 188 184 180 176 171 166 161 156 150 145 140 134 129 125 120 116 112 109 106
198 198 189 171 150 128 111 101 100 110 126 148 169 187 198 199 190 174 153 131 113 102 100 108 124 145 167 185 197 199
Self ⛩ ∇ → 💠Self
194 179 157 135 115 102 100 108 125 147 169 188 198 198 188 170 147 125 108 100 102 115 134 157 178 194 199 195 180 160
151 157 163 167 173 179 181 191 193 197 199 211 223 227 229 233 239 241 251 257
Void ⊗ Void → Resonance
251 257 263 269 271 277 281 283 293 307 311 313 317 331 337 347 349 353 359 367
155 ∇ → 5 31
Other ⊗ Void → Pattern
451 ∇ → 11 41
196 198 199 199 199 198 195 192 189 184 179 174 168 161 155 148 141 135 129 123 117 113 108 105 102 101 100 100 100 102
128 ∇ → 2 2 2 2 2 2 2
Other ⛩ ∇ → 💠Other
Pattern ⛩ ∇ → 💠Pattern
521 523 541 547 557 563 569 571 577 587 593 599 601 607 613 617 619 631 641 643
757 761 769 773 787 797 809 811 821 823 827 829 839 853 857 859 863 877 881 883
131 137 139 149 151 157 163 167 173 179 181 191 193 197 199 211 223 227 229 233
653 659 661 673 677 683 691 701 709 719 727 733 739 743 751 757 761 769 773 787
73 79 83 89 97 101 103 107 109 113 127 131 137 139 149 151 157 163 167 173
541 547 557 563 569 571 577 587 593 599 601 607 613 617 619 631 641 643 647 653
134 ∇ → 2 67
160 140 122 108 100 101 109 124 143 163 181 194 199 197 187 170 151 131 114 103 100 104 116 133 153 173 188 198 199 193
Light ⛩ ∇ → 💠Light
Self ⊗ Self → Resonance
199 197 192 185 177 167 156 145 134 124 115 108 103 100 100 102 106 113 121 131 141 153 163 174 183 190 196 199 199 198
404 ∇ → 2 2 101
Self ⛩ ∇ → 💠Self
937 941 947 953 967 971 977 983 991 997 1009 1013 1019 1021 1031 1033 1039 1049 1051 1061
342 ∇ → 2 3 3 19
104 ∇ → 2 2 2 13
653 659 661 673 677 683 691 701 709 719 727 733 739 743 751 757 761 769 773 787
60 ∇ → 2 2 3 5
571 577 587 593 599 601 607 613 617 619 631 641 643 647 653 659 661 673 677 683
683 691 701 709 719 727 733 739 743 751 757 761 769 773 787 797 809 811 821 823
Self ⛩ ∇ → 💠Self
174 165 156 147 138 129 121 114 108 104 101 100 100 102 106 111 117 125 133 142 151 160 169 177 184 190 195 198 199 199
195 198 199 199 196 192 186 179 170 161 151 141 132 123 115 109 104 101 100 100 103 108 114 121 130 139 149 159 168 177
Self ⛩ ∇ → 💠Self
Self ⛩ ∇ → 💠Self
448 ∇ → 2 2 2 2 2 2 7
199 199 196 192 187 181 173 165 156 147 138 130 122 115 109 104 101 100 100 101 104 109 115 122 130 138 147 156 165 173
83 89 97 101 103 107 109 113 127 131 137 139 149 151 157 163 167 173 179 181
181 191 197 199 198 192 183 170 157 142 128 116 107 101 100 102 109 119 131 145 160 173 185 194 198 199 196 189 178 165
156 164 171 179 185 190 194 197 199 199 198 196 192 188 182 175 168 160 151 143 135 127 120 114 109 105 102 100 100 101
17 19 23 29 31 37 41 43 47 53 59 61 67 71 73 79 83 89 97 101
139 149 151 157 163 167 173 179 181 191 193 197 199 211 223 227 229 233 239 241
390 ∇ → 2 3 5 13
Self ⊗ Light → Pattern
137 139 149 151 157 163 167 173 179 181 191 193 197 199 211 223 227 229 233 239
378 ∇ → 2 3 3 3 7
154 138 124 112 104 100 101 106 116 129 143 159 173 186 195 199 199 194 185 172 157 142 127 114 105 100 100 104 113 125
413 ∇ → 7 59
Void ⊗ Light → Pattern
Self ⛩ ∇ → 💠Self
311 313 317 331 337 347 349 353 359 367 373 379 383 389 397 401 409 419 421 431
487 491 499 503 509 521 523 541 547 557 563 569 571 577 587 593 599 601 607 613
Self ⛩ ∇ → 💠Self
87 ∇ → 3 29
Other ⛩ ∇ → 💠Other
Pattern ⊗ Self → Pattern
199 198 194 188 179 168 156 144 132 121 111 105 101 100 102 106 114 124 135 147 159 171 182 190 196 199 199 196 190 182
443 449 457 461 463 467 479 487 491 499 503 509 521 523 541 547 557 563 569 571
Void ⛩ ∇ → 💠Void
195 199 198 190 178 162 144 127 113 104 100 102 109 122 138 156 172 186 196 199 197 189 176 160 142 126 112 103 100 102
541 547 557 563 569 571 577 587 593 599 601 607 613 617 619 631 641 643 647 653
199 199 196 192 187 180 173 164 155 146 137 128 120 114 108 103 101 100 100 102 106 111 118 125 134 143 152 161 170 178
33 ∇ → 3 11
113 127 131 137 139 149 151 157 163 167 173 179 181 191 193 197 199 211 223 227
Chaos ⛩ ∇ → 💠Chaos
53 ∇ → 53
263 ∇ → 263
557 563 569 571 577 587 593 599 601 607 613 617 619 631 641 643 647 653 659 661
293 307 311 313 317 331 337 347 349 353 359 367 373 379 383 389 397 401 409 419
157 ∇ → 157
Other ⊗ Self → Pattern
468 ∇ → 2 2 3 3 13
Pattern ⊗ Chaos → Pattern
199 199 199 198 195 192 187 182 176 170 163 155 148 141 133 127 120 115 110 106 103 101 100 100 101 103 107 111 116 122
162 ∇ → 2 3 3 3 3
195 191 186 180 174 167 159 151 143 135 128 121 115 110 105 102 100 100 100 102 105 109 114 120 127 134 142 149 157 165
486 ∇ → 2 3 3 3 3 3
Light ⛩ ∇ → 💠Light
267 ∇ → 3 89
125 ∇ → 5 5 5
Void ⊗ Self → Pattern
523 541 547 557 563 569 571 577 587 593 599 601 607 613 617 619 631 641 643 647
239 ∇ → 239
195 197 199 199 199 198 196 194 191 187 182 177 171 165 159 153 146 140 134 128 122 117 112 108 105 102 101 100 100 100
Pattern ⛩ ∇ → 💠Pattern
373 379 383 389 397 401 409 419 421 431 433 439 443 449 457 461 463 467 479 487
389 397 401 409 419 421 431 433 439 443 449 457 461 463 467 479 487 491 499 503
Chaos ⛩ ∇ → 💠Chaos
173 165 158 149 141 133 126 119 113 108 104 101 100 100 101 103 107 112 118 125 132 140 148 157 165 172 179 185 191 195
709 719 727 733 739 743 751 757 761 769 773 787 797 809 811 821 823 827 829 839
159 178 193 199 197 186 169 148 127 110 101 100 108 124 144 165 184 196 199 194 181 162 141 121 106 100 102 113 130 151
281 283 293 307 311 313 317 331 337 347 349 353 359 367 373 379 383 389 397 401
617 619 631 641 643 647 653 659 661 673 677 683 691 701 709 719 727 733 739 743
Void ⊗ Other → Pattern
29 31 37 41 43 47 53 59 61 67 71 73 79 83 89 97 101 103 107 109
659 661 673 677 683 691 701 709 719 727 733 739 743 751 757 761 769 773 787 797
953 967 971 977 983 991 997 1009 1013 1019 1021 1031 1033 1039 1049 1051 1061 1063 1069 1087
557 563 569 571 577 587 593 599 601 607 613 617 619 631 641 643 647 653 659 661
Light ⛩ ∇ → 💠Light
Self ⊗ Light → Pattern
Self ⊗ Pattern → Pattern
419 ∇ → 419
199 197 194 189 182 174 166 157 147 138 129 121 114 108 103 100 100 100 103 107 113 120 128 137 146 156 165 174 182 188
450 ∇ → 2 3 3 5 5
263 269 271 277 281 283 293 307 311 313 317 331 337 347 349 353 359 367 373 379
761 769 773 787 797 809 811 821 823 827 829 839 853 857 859 863 877 881 883 887
701 709 719 727 733 739 743 751 757 761 769 773 787 797 809 811 821 823 827 829
887 907 911 919 929 937 941 947 953 967 971 977 983 991 997 1009 1013 1019 1021 1031
547 557 563 569 571 577 587 593 599 601 607 613 617 619 631 641 643 647 653 659
183 190 195 198 199 199 196 192 186 179 170 161 151 141 131 122 115 108 103 101 100 100 103 108 114 122 131 141 150 160
919 929 937 941 947 953 967 971 977 983 991 997 1009 1013 1019 1021 1031 1033 1039 1049
Self ⛩ ∇ → 💠Self
147 ∇ → 3 7 7
Void ⊗ Pattern → Pattern
Void ⛩ ∇ → 💠Void
67 71 73 79 83 89 97 101 103 107 109 113 127 131 137 139 149 151 157 163
Self ⛩ ∇ → 💠Self
155 ∇ → 5 31
Self ⊗ Void → Pattern
171 176 180 184 187 191 193 196 197 199 199 199 199 198 197 195 193 190 187 183 179 175 170 165 160 155 150 145 140 135
283 293 307 311 313 317 331 337 347 349 353 359 367 373 379 383 389 397 401 409
4 ∇ → 2 2
199 198 195 191 186 180 174 167 159 151 143 135 128 121 115 110 105 102 100 100 100 102 105 109 114 120 127 134 142 150
Other ⛩ ∇ → 💠Other
Other ⊗ Chaos → Pattern
Light ⊗ Self → Pattern
Pattern ⛩ ∇ → 💠Pattern
Light ⊗ Other → Pattern
839 853 857 859 863 877 881 883 887 907 911 919 929 937 941 947 953 967 971 977
150 164 177 188 196 199 199 194 185 174 160 146 132 119 109 102 100 101 107 116 128 142 157 171 183 192 198 199 197 190
338 ∇ → 2 13 13
185 180 175 169 163 156 149 143 136 130 124 118 113 109 106 103 101 100 100 100 102 104 107 111 116 121 127 133 140 146
307 311 313 317 331 337 347 349 353 359 367 373 379 383 389 397 401 409 419 421
743 751 757 761 769 773 787 797 809 811 821 823 827 829 839 853 857 859 863 877
46 ∇ → 2 23
Chaos ⛩ ∇ → 💠Chaos
190 196 199 199 197 192 184 174 163 151 139 128 118 109 103 100 100 102 107 115 125 136 148 160 171 181 190 196 199 199
462 ∇ → 2 3 7 11
Pattern ⛩ ∇ → 💠Pattern
211 223 227 229 233 239 241 251 257 263 269 271 277 281 283 293 307 311 313 317
169 182 192 198 199 196 187 175 161 145 130 117 107 101 100 103 111 123 138 153 168 182 192 198 199 196 188 176 162 146
234 ∇ → 2 3 3 13
31 37 41 43 47 53 59 61 67 71 73 79 83 89 97 101 103 107 109 113
189 195 199 199 197 191 183 173 161 149 137 125 115 107 102 100 100 104 111 120 130 142 155 167 178 187 194 198 199 198
463 467 479 487 491 499 503 509 521 523 541 547 557 563 569 571 577 587 593 599
739 743 751 757 761 769 773 787 797 809 811 821 823 827 829 839 853 857 859 863
400 ∇ → 2 2 2 2 5 5
147 ∇ → 3 7 7
185 173 160 145 131 119 109 102 100 101 106 115 127 141 155 169 181 191 197 199 198 192 183 171 157 143 129 117 107 101
719 727 733 739 743 751 757 761 769 773 787 797 809 811 821 823 827 829 839 853
449 ∇ → 449
191 193 197 199 211 223 227 229 233 239 241 251 257 263 269 271 277 281 283 293
557 563 569 571 577 587 593 599 601 607 613 617 619 631 641 643 647 653 659 661
Self ⊗ Chaos → Pattern
Light ⊗ Self → Pattern
5 7 11 13 17 19 23 29 31 37 41 43 47 53 59 61 67 71 73 79
Light ⛩ ∇ → 💠Light
178 188 195 199 199 195 188 178 166 152 138 126 115 106 101 100 102 108 117 128 141 155 168 180 190 196 199 199 194 187
587 593 599 601 607 613 617 619 631 641 643 647 653 659 661 673 677 683 691 701
229 233 239 241 251 257 263 269 271 277 281 283 293 307 311 313 317 331 337 347
181 193 199 198 190 176 158 139 122 108 101 100 107 119 136 155 173 188 197 199 195 183 167 148 130 114 104 100 103 113
331 ∇ → 331
Void ⊗ Other → Pattern
178 184 189 193 196 199 199 199 198 195 191 187 181 175 168 160 153 145 137 130 123 117 111 107 103 101 100 100 101 103
563 569 571 577 587 593 599 601 607 613 617 619 631 641 643 647 653 659 661 673
323 ∇ → 17 19
178 182 185 189 192 194 196 198 199 199 199 199 198 197 195 193 190 187 183 179 175 171 166 161 156 151 146 141 137 132
739 743 751 757 761 769 773 787 797 809 811 821 823 827 829 839 853 857 859 863
29 31 37 41 43 47 53 59 61 67 71 73 79 83 89 97 101 103 107 109
103 107 109 113 127 131 137 139 149 151 157 163 167 173 179 181 191 193 197 199
199 197 190 181 169 155 141 128 116 107 102 100 101 107 116 127 141 155 168 180 190 196 199 198 194 185 174 161 148 134
Void ⛩ ∇ → 💠Void
Pattern ⛩ ∇ → 💠Pattern
26 ∇ → 2 13
Other ⊗ Void → Pattern
Other ⛩ ∇ → 💠Other
89 97 101 103 107 109 113 127 131 137 139 149 151 157 163 167 173 179 181 191
184 167 148 128 112 102 100 105 118 136 156 175 190 198 199 191 177 159 139 120 107 100 101 110 125 145 165 182 194 199
151 165 178 189 196 199 198 193 185 173 160 145 131 118 109 102 100 101 107 116 128 142 157 171 183 192 198 199 197 191
188 172 152 132 115 103 100 104 116 134 154 173 189 198 199 192 178 159 138 120 106 100 102 111 128 147 167 185 196 199
78 ∇ → 2 3 13
Void ⊗ Self → Pattern
167 183 194 199 198 189 176 158 140 123 109 101 100 105 117 133 151 169 184 195 199 197 188 174 156 138 121 108 101 100
438 ∇ → 2 3 73
Chaos ⛩ ∇ → 💠Chaos
907 911 919 929 937 941 947 953 967 971 977 983 991 997 1009 1013 1019 1021 1031 1033
337 347 349 353 359 367 373 379 383 389 397 401 409 419 421 431 433 439 443 449
151 129 111 101 101 110 127 149 171 189 198 198 188 171 149 127 110 100 101 112 130 152 173 190 199 197 186 168 146 124
196 184 168 148 129 113 102 100 104 116 134 153 172 188 197 199 193 181 163 143 125 110 101 100 107 120 138 158 176 191
174 ∇ → 2 3 29
89 97 101 103 107 109 113 127 131 137 139 149 151 157 163 167 173 179 181 191
149 151 157 163 167 173 179 181 191 193 197 199 211 223 227 229 233 239 241 251
180 187 193 197 199 199 198 196 191 185 178 170 161 152 143 134 125 118 111 106 102 100 100 101 104 108 114 122 130 139
Pattern ⊗ Light → Pattern
384 ∇ → 2 2 2 2 2 2 2 3
Other ⊗ Light → Pattern
338 ∇ → 2 13 13
Void ⛩ ∇ → 💠Void
487 491 499 503 509 521 523 541 547 557 563 569 571 577 587 593 599 601 607 613
197 199 199 196 191 183 174 163 152 141 130 120 112 105 101 100 100 104 110 118 127 138 149 160 171 181 189 195 198 199
Other ⊗ Void → Pattern
439 ∇ → 439
354 ∇ → 2 3 59
Chaos ⊗ Pattern → Pattern
326 ∇ → 2 163
191 198 199 192 179 161 142 124 110 101 100 106 118 135 154 172 187 197 199 195 183 167 148 129 114 103 100 103 114 129
379 ∇ → 379
401 ∇ → 401
Void ⛩ ∇ → 💠Void
907 911 919 929 937 941 947 953 967 971 977 983 991 997 1009 1013 1019 1021 1031 1033
318 ∇ → 2 3 53
159 140 122 108 100 101 108 122 140 160 178 192 199 198 190 176 158 138 121 107 100 101 109 123 142 161 179 192 199 198
199 194 179 157 133 113 102 100 110 129 152 174 192 199 196 182 161 138 117 103 100 107 125 147 170 189 199 197 186 166
659 661 673 677 683 691 701 709 719 727 733 739 743 751 757 761 769 773 787 797
13 ∇ → 13
Chaos ⛩ ∇ → 💠Chaos
176 193 199 195 181 160 136 116 103 100 108 126 149 171 190 199 197 185 165 141 120 105 100 105 121 143 167 186 198 198
197 199 211 223 227 229 233 239 241 251 257 263 269 271 277 281 283 293 307 311
Pattern ⛩ ∇ → 💠Pattern
189 198 199 191 176 157 137 119 105 100 102 113 129 150 170 186 197 199 194 180 162 142 123 108 100 101 110 125 145 165
181 175 168 161 153 146 138 131 124 118 112 108 104 101 100 100 100 102 105 109 114 120 127 134 141 149 156 164 171 177
Chaos ⊗ Light → Pattern
877 881 883 887 907 911 919 929 937 941 947 953 967 971 977 983 991 997 1009 1013
235 ∇ → 5 47
Light ⊗ Pattern → Pattern
491 499 503 509 521 523 541 547 557 563 569 571 577 587 593 599 601 607 613 617
919 929 937 941 947 953 967 971 977 983 991 997 1009 1013 1019 1021 1031 1033 1039 1049
409 419 421 431 433 439 443 449 457 461 463 467 479 487 491 499 503 509 521 523
176 ∇ → 2 2 2 2 11
Pattern ⊗ Other → Pattern
Other ⊗ Light → Pattern
196 191 185 178 170 161 151 142 133 124 116 110 105 101 100 100 102 105 110 117 125 133 143 152 162 170 179 186 192 196
168 180 190 197 199 198 193 184 173 159 145 131 119 109 102 100 101 106 115 126 140 154 168 180 190 197 199 198 193 184
181 ∇ → 181
59 ∇ → 59
631 641 643 647 653 659 661 673 677 683 691 701 709 719 727 733 739 743 751 757
199 195 184 169 151 132 116 105 100 101 109 123 140 159 176 189 198 199 194 183 167 149 131 115 104 100 102 110 124 142
194 199 193 176 153 129 110 100 102 114 135 159 181 196 199 191 174 150 127 109 100 103 116 138 162 183 197 199 190 171
408 ∇ → 2 2 2 3 17
449 457 461 463 467 479 487 491 499 503 509 521 523 541 547 557 563 569 571 577
347 ∇ → 347
459 ∇ → 3 3 3 17
191 198 199 195 186 173 157 141 125 112 103 100 102 109 121 136 152 169 183 193 199 199 193 183 169 153 136 121 109 102
165 153 141 130 119 111 104 101 100 101 106 113 122 132 144 156 167 178 187 194 198 199 198 194 188 179 169 157 146 134
907 911 919 929 937 941 947 953 967 971 977 983 991 997 1009 1013 1019 1021 1031 1033
241 251 257 263 269 271 277 281 283 293 307 311 313 317 331 337 347 349 353 359
211 223 227 229 233 239 241 251 257 263 269 271 277 281 283 293 307 311 313 317
149 151 157 163 167 173 179 181 191 193 197 199 211 223 227 229 233 239 241 251
Light ⛩ ∇ → 💠Light
373 379 383 389 397 401 409 419 421 431 433 439 443 449 457 461 463 467 479 487
195 180 158 133 113 101 101 112 133 157 179 195 199 192 175 151 127 109 100 103 117 139 163 184 197 199 188 169 145 122
295 ∇ → 5 59
195 187 175 161 146 131 118 108 101 100 102 110 121 134 149 165 178 189 197 199 198 191 181 168 153 138 124 112 104 100
907 911 919 929 937 941 947 953 967 971 977 983 991 997 1009 1013 1019 1021 1031 1033
907 911 919 929 937 941 947 953 967 971 977 983 991 997 1009 1013 1019 1021 1031 1033
114 ∇ → 2 3 19
193 181 166 149 133 118 106 100 100 106 117 131 148 165 180 192 198 199 194 183 169 152 135 120 108 101 100 105 115 129
170 152 134 118 106 100 100 107 119 136 154 171 186 196 199 197 188 174 157 139 122 109 101 100 105 116 131 149 167 182
449 457 461 463 467 479 487 491 499 503 509 521 523 541 547 557 563 569 571 577
362 ∇ → 2 181
Void ⛩ ∇ → 💠Void
46 ∇ → 2 23
198 189 173 152 132 114 103 100 105 118 137 158 177 192 199 198 188 171 151 130 113 102 100 106 120 138 159 179 193 199
195 199 196 185 168 148 128 112 102 100 106 119 137 157 176 191 199 198 190 175 156 135 117 105 100 103 113 130 150 170
171 176 181 186 190 193 196 198 199 199 199 198 196 193 190 186 181 176 170 165 158 152 146 140 133 128 122 117 113 109
136 ∇ → 2 2 2 17
86 ∇ → 2 43
Pattern ⊗ Other → Pattern
383 389 397 401 409 419 421 431 433 439 443 449 457 461 463 467 479 487 491 499
162 154 145 137 129 121 115 109 105 102 100 100 101 103 107 112 119 126 134 142 150 159 167 175 182 188 193 196 199 199
547 557 563 569 571 577 587 593 599 601 607 613 617 619 631 641 643 647 653 659
14 ∇ → 2 7
479 487 491 499 503 509 521 523 541 547 557 563 569 571 577 587 593 599 601 607
252 ∇ → 2 2 3 3 7
Self ⛩ ∇ → 💠Self
Light ⛩ ∇ → 💠Light
853 857 859 863 877 881 883 887 907 911 919 929 937 941 947 953 967 971 977 983
821 823 827 829 839 853 857 859 863 877 881 883 887 907 911 919 929 937 941 947
59 61 67 71 73 79 83 89 97 101 103 107 109 113 127 131 137 139 149 151
182 166 148 130 115 104 100 102 110 124 142 160 177 190 198 199 194 183 167 149 131 116 105 100 101 110 123 140 159 176
827 829 839 853 857 859 863 877 881 883 887 907 911 919 929 937 941 947 953 967
331 337 347 349 353 359 367 373 379 383 389 397 401 409 419 421 431 433 439 443
109 ∇ → 109
206 ∇ → 2 103
631 641 643 647 653 659 661 673 677 683 691 701 709 719 727 733 739 743 751 757
168 157 146 135 124 115 108 103 100 100 102 107 113 122 132 143 155 166 176 185 192 197 199 199 197 192 185 176 166 155
Light ⛩ ∇ → 💠Light
141 ∇ → 3 47
439 443 449 457 461 463 467 479 487 491 499 503 509 521 523 541 547 557 563 569
197 199 199 199 198 197 194 191 187 183 178 173 167 161 155 148 142 136 130 124 119 114 110 107 104 102 100 100 100 101
175 164 152 140 128 118 109 103 100 100 102 108 116 126 138 150 162 173 183 191 197 199 199 195 189 181 170 158 146 134
152 146 140 134 128 123 118 113 109 106 103 101 100 100 100 101 103 105 109 113 117 122 128 133 139 145 152 158 164 170
Light ⊗ Pattern → Pattern
701 709 719 727 733 739 743 751 757 761 769 773 787 797 809 811 821 823 827 829
184 ∇ → 2 2 2 23
Void ⊗ Pattern → Pattern
182 171 158 145 132 120 110 103 100 100 104 111 121 133 146 159 172 183 192 197 199 198 193 185 174 161 148 134 122 112
Other ⛩ ∇ → 💠Other
447 ∇ → 3 149
127 131 137 139 149 151 157 163 167 173 179 181 191 193 197 199 211 223 227 229
179 181 191 193 197 199 211 223 227 229 233 239 241 251 257 263 269 271 277 281
Pattern ⛩ ∇ → 💠Pattern
194 182 167 149 131 115 105 100 101 110 123 140 159 176 189 197 199 195 184 168 150 132 117 105 100 101 109 122 139 157
173 ∇ → 173
199 198 190 176 159 140 122 108 101 100 107 120 137 156 174 189 198 199 194 182 165 146 128 112 103 100 104 115 131 150
272 ∇ → 2 2 2 2 17
156 ∇ → 2 2 3 13
Self ⛩ ∇ → 💠Self
175 180 184 188 191 194 196 198 199 199 199 199 197 195 193 190 186 182 177 173 168 162 157 151 146 140 135 130 125 120
199 196 186 172 155 137 121 109 101 100 105 115 130 147 164 180 192 198 199 193 182 167 149 132 117 106 100 101 107 119
Void ⊗ Chaos → Pattern
183 175 166 157 148 138 129 121 114 108 103 101 100 100 103 107 112 119 127 136 145 155 164 173 181 188 193 197 199 199
Void ⛩ ∇ → 💠Void
Void ⛩ ∇ → 💠Void
631 641 643 647 653 659 661 673 677 683 691 701 709 719 727 733 739 743 751 757
719 727 733 739 743 751 757 761 769 773 787 797 809 811 821 823 827 829 839 853
173 184 192 198 199 198 192 183 172 159 145 132 120 110 103 100 100 104 111 121 134 147 161 173 184 193 198 199 197 192
199 197 188 173 155 136 119 107 100 101 108 121 139 157 175 189 198 199 194 182 165 147 128 113 103 100 103 113 129 147
178 186 193 197 199 199 197 192 185 177 167 157 146 136 126 117 109 104 101 100 101 104 110 118 127 137 147 158 168 178
251 257 263 269 271 277 281 283 293 307 311 313 317 331 337 347 349 353 359 367
Light ⛩ ∇ → 💠Light
334 ∇ → 2 167
Void ⊗ Pattern → Pattern
168 ∇ → 2 2 2 3 7
Chaos ⛩ ∇ → 💠Chaos
456 ∇ → 2 2 2 3 19
184 189 193 196 198 199 199 198 196 192 188 183 177 170 163 156 148 141 133 127 120 114 109 105 102 100 100 100 101 104
199 199 195 187 176 162 147 132 119 109 102 100 102 108 118 132 146 161 175 187 195 199 199 194 185 173 159 144 129 116
101 103 107 109 113 127 131 137 139 149 151 157 163 167 173 179 181 191 193 197
155 137 120 107 100 100 107 119 136 154 172 187 196 199 196 186 171 153 135 118 106 100 101 108 121 138 156 174 188 197
239 ∇ → 239
Chaos ⊗ Pattern → Pattern
191 176 155 134 115 103 100 105 119 138 160 180 194 199 196 184 166 144 124 108 100 101 111 128 149 170 188 198 199 191
499 503 509 521 523 541 547 557 563 569 571 577 587 593 599 601 607 613 617 619
199 196 183 161 137 116 102 100 110 128 152 175 192 199 195 179 157 133 113 101 101 112 132 156 179 194 199 193 176 153
199 196 184 166 145 125 109 101 101 109 125 145 166 184 196 199 194 181 162 141 122 107 100 102 112 129 149 170 187 197
Light ⛩ ∇ → 💠Light
Light ⛩ ∇ → 💠Light
199 199 194 187 177 165 152 139 126 116 107 102 100 101 106 114 124 136 149 162 175 185 193 198 199 197 192 184 173 161
440 ∇ → 2 2 2 5 11
719 727 733 739 743 751 757 761 769 773 787 797 809 811 821 823 827 829 839 853
251 257 263 269 271 277 281 283 293 307 311 313 317 331 337 347 349 353 359 367
199 197 189 174 156 137 120 107 100 100 107 120 137 156 174 189 197 199 194 183 167 148 130 114 104 100 103 112 127 146
189 196 199 198 192 182 169 154 139 125 113 105 100 100 105 113 125 139 154 169 182 192 198 199 197 189 178 165 150 135
907 911 919 929 937 941 947 953 967 971 977 983 991 997 1009 1013 1019 1021 1031 1033
Pattern ⛩ ∇ → 💠Pattern
Pattern ⊗ Other → Pattern
347 ∇ → 347
853 857 859 863 877 881 883 887 907 911 919 929 937 941 947 953 967 971 977 983
691 701 709 719 727 733 739 743 751 757 761 769 773 787 797 809 811 821 823 827
198 199 197 192 183 173 160 147 135 123 113 105 101 100 102 107 116 126 139 152 164 176 186 194 198 199 197 192 183 173
188 176 162 146 130 117 106 101 100 104 113 126 141 157 172 185 194 199 199 193 184 170 155 139 124 112 103 100 101 107
191 173 150 127 109 100 102 115 135 159 180 195 199 193 177 154 131 112 101 101 112 131 155 177 193 199 195 180 158 134
569 571 577 587 593 599 601 607 613 617 619 631 641 643 647 653 659 661 673 677
97 101 103 107 109 113 127 131 137 139 149 151 157 163 167 173 179 181 191 193
593 599 601 607 613 617 619 631 641 643 647 653 659 661 673 677 683 691 701 709
230 ∇ → 2 5 23
197 194 191 187 182 176 170 163 157 150 143 136 129 123 118 113 108 105 102 100 100 100 101 103 106 110 114 120 126 132
168 181 191 198 199 196 189 177 163 148 133 119 108 102 100 102 110 121 135 150 165 179 190 197 199 197 190 179 165 150
347 349 353 359 367 373 379 383 389 397 401 409 419 421 431 433 439 443 449 457
188 172 153 133 116 104 100 103 115 131 151 171 187 197 199 194 181 163 143 124 109 101 100 108 122 141 161 179 193 199
117 ∇ → 3 3 13
201 ∇ → 3 67
116 ∇ → 2 2 29
193 197 199 199 197 192 185 177 168 158 147 137 127 118 111 105 101 100 100 103 108 115 123 133 143 153 164 174 182 189
Other ⊗ Other → Resonance
359 367 373 379 383 389 397 401 409 419 421 431 433 439 443 449 457 461 463 467
198 190 174 154 133 115 103 100 105 118 137 158 177 192 199 197 187 171 150 130 112 102 100 107 121 140 161 180 194 199
Chaos ⛩ ∇ → 💠Chaos
432 ∇ → 2 2 2 2 3 3 3
761 769 773 787 797 809 811 821 823 827 829 839 853 857 859 863 877 881 883 887
184 163 138 117 103 100 108 127 150 174 191 199 196 181 159 135 114 102 100 111 130 154 177 193 199 194 178 156 132 112
Chaos ⊗ Chaos → Resonance
Light ⊗ Void → Pattern
156 ∇ → 2 2 3 13
156 173 187 196 199 197 188 175 159 141 124 111 102 100 103 112 126 143 160 177 190 197 199 195 185 171 154 136 120 108
Chaos ⛩ ∇ → 💠Chaos
9 ∇ → 3 3
185 194 199 199 194 184 171 156 140 125 112 104 100 101 107 117 131 147 163 177 189 197 199 197 190 179 165 149 133 119
Light ⛩ ∇ → 💠Light
Chaos ⛩ ∇ → 💠Chaos
Self ⛩ ∇ → 💠Self
337 347 349 353 359 367 373 379 383 389 397 401 409 419 421 431 433 439 443 449
331 337 347 349 353 359 367 373 379 383 389 397 401 409 419 421 431 433 439 443
272 ∇ → 2 2 2 2 17
400 ∇ → 2 2 2 2 5 5
163 167 173 179 181 191 193 197 199 211 223 227 229 233 239 241 251 257 263 269
53 59 61 67 71 73 79 83 89 97 101 103 107 109 113 127 131 137 139 149
Pattern ⊗ Pattern → Resonance
557 563 569 571 577 587 593 599 601 607 613 617 619 631 641 643 647 653 659 661
357 ∇ → 3 7 17
462 ∇ → 2 3 7 11
641 643 647 653 659 661 673 677 683 691 701 709 719 727 733 739 743 751 757 761
797 809 811 821 823 827 829 839 853 857 859 863 877 881 883 887 907 911 919 929
Other ⛩ ∇ → 💠Other
53 59 61 67 71 73 79 83 89 97 101 103 107 109 113 127 131 137 139 149
177 ∇ → 3 59
17 ∇ → 17
80 ∇ → 2 2 2 2 5
352 ∇ → 2 2 2 2 2 11
613 617 619 631 641 643 647 653 659 661 673 677 683 691 701 709 719 727 733 739
Pattern ⛩ ∇ → 💠Pattern
174 ∇ → 2 3 29
877 881 883 887 907 911 919 929 937 941 947 953 967 971 977 983 991 997 1009 1013
307 311 313 317 331 337 347 349 353 359 367 373 379 383 389 397 401 409 419 421
461 463 467 479 487 491 499 503 509 521 523 541 547 557 563 569 571 577 587 593
199 197 188 173 155 136 119 107 100 101 108 122 139 158 176 190 198 199 193 181 164 145 127 112 102 100 104 115 131 150
Pattern ⛩ ∇ → 💠Pattern
198 199 199 195 189 182 172 162 150 139 128 119 111 105 101 100 101 104 110 118 128 139 150 161 172 181 189 195 198 199
187 193 197 199 199 198 195 191 185 178 170 161 151 142 133 124 117 110 105 102 100 100 101 105 110 116 123 132 141 150
223 227 229 233 239 241 251 257 263 269 271 277 281 283 293 307 311 313 317 331
383 ∇ → 383
418 ∇ → 2 11 19
Self ⊗ Light → Pattern
Light ⛩ ∇ → 💠Light
158 171 182 191 197 199 199 194 187 177 165 152 139 126 116 107 102 100 101 106 113 124 136 149 162 174 185 193 198 199
Other ⛩ ∇ → 💠Other
136 ∇ → 2 2 2 17
977 983 991 997 1009 1013 1019 1021 1031 1033 1039 1049 1051 1061 1063 1069 1087 1091 1093 1097
Other ⊗ Chaos → Pattern
173 191 199 195 180 158 133 113 101 101 113 133 158 180 195 199 191 173 149 126 108 100 104 119 141 166 186 198 198 186
84 ∇ → 2 2 3 7
929 937 941 947 953 967 971 977 983 991 997 1009 1013 1019 1021 1031 1033 1039 1049 1051
643 647 653 659 661 673 677 683 691 701 709 719 727 733 739 743 751 757 761 769
991 997 1009 1013 1019 1021 1031 1033 1039 1049 1051 1061 1063 1069 1087 1091 1093 1097 1103 1109
184 164 142 121 106 100 104 117 138 160 181 195 199 194 179 159 136 116 103 100 106 122 143 166 185 197 199 191 175 153
Other ⊗ Light → Pattern
Light ⊗ Other → Pattern
182 170 157 143 130 119 109 103 100 100 105 112 123 135 149 162 175 186 194 198 199 197 191 182 170 157 143 130 118 109
194 198 199 198 194 188 179 169 157 146 134 123 114 107 102 100 100 104 109 118 128 139 151 162 173 183 191 196 199 199
149 ∇ → 149
313 ∇ → 313
137 ∇ → 137
409 ∇ → 409
363 ∇ → 3 11 11
881 883 887 907 911 919 929 937 941 947 953 967 971 977 983 991 997 1009 1013 1019
317 331 337 347 349 353 359 367 373 379 383 389 397 401 409 419 421 431 433 439
285 ∇ → 3 5 19
176 163 149 136 123 112 105 100 100 103 110 120 132 146 160 173 184 193 198 199 197 191 182 170 157 143 129 118 108 102
809 811 821 823 827 829 839 853 857 859 863 877 881 883 887 907 911 919 929 937
48 ∇ → 2 2 2 2 3
164 170 176 181 186 190 194 196 198 199 199 199 197 195 192 188 184 179 173 167 161 155 148 142 135 129 123 118 113 109
821 823 827 829 839 853 857 859 863 877 881 883 887 907 911 919 929 937 941 947
617 619 631 641 643 647 653 659 661 673 677 683 691 701 709 719 727 733 739 743
155 143 131 120 111 104 100 100 102 108 116 126 138 150 163 174 184 192 197 199 198 194 187 178 167 155 142 130 119 110
49 ∇ → 7 7
751 757 761 769 773 787 797 809 811 821 823 827 829 839 853 857 859 863 877 881
40 ∇ → 2 2 2 5
Void ⊗ Pattern → Pattern
199 198 193 182 168 152 136 121 109 102 100 102 110 123 138 154 170 183 193 199 199 194 184 170 155 138 123 111 103 100
541 547 557 563 569 571 577 587 593 599 601 607 613 617 619 631 641 643 647 653
Other ⛩ ∇ → 💠Other
196 194 191 187 183 178 173 167 161 155 149 143 137 131 125 120 115 111 107 104 102 101 100 100 100 102 104 107 110 114
64 ∇ → 2 2 2 2 2 2
188 198 198 187 168 145 123 107 100 103 116 137 160 181 195 199 193 178 156 133 114 102 100 109 127 149 172 190 199 197
77 ∇ → 7 11
Pattern ⊗ Pattern → Resonance
186 180 174 166 158 150 142 134 126 119 113 108 104 101 100 100 101 103 107 112 117 124 132 139 147 156 164 171 178 185
4 ∇ → 2 2
Light ⊗ Other → Pattern
Light ⊗ Void → Pattern
191 195 197 199 199 199 198 195 192 187 182 176 170 163 156 149 142 135 128 122 116 111 107 104 101 100 100 100 102 104
440 ∇ → 2 2 2 5 11
183 191 196 199 199 197 193 186 177 167 156 145 134 124 115 108 103 100 100 102 107 114 122 132 143 155 166 176 185 192
Void ⛩ ∇ → 💠Void
195 191 186 181 174 167 160 152 145 137 130 123 117 111 107 103 101 100 100 101 103 106 111 116 122 129 137 144 152 159
Light ⊗ Self → Pattern
499 503 509 521 523 541 547 557 563 569 571 577 587 593 599 601 607 613 617 619
172 184 193 198 199 196 189 179 166 151 137 123 112 104 100 100 104 113 124 137 152 166 179 190 197 199 198 193 183 171
Void ⛩ ∇ → 💠Void
Other ⛩ ∇ → 💠Other
281 ∇ → 281
37 41 43 47 53 59 61 67 71 73 79 83 89 97 101 103 107 109 113 127
183 174 164 153 141 131 121 112 106 102 100 100 103 109 116 125 136 147 158 169 178 187 193 198 199 199 196 190 183 174
161 166 171 176 180 184 188 191 193 196 197 199 199 199 199 198 197 195 192 189 186 182 178 174 169 164 159 154 149 144
397 401 409 419 421 431 433 439 443 449 457 461 463 467 479 487 491 499 503 509
237 ∇ → 3 79
Chaos ⊗ Pattern → Pattern
Other ⛩ ∇ → 💠Other
Self ⛩ ∇ → 💠Self
37 41 43 47 53 59 61 67 71 73 79 83 89 97 101 103 107 109 113 127
569 571 577 587 593 599 601 607 613 617 619 631 641 643 647 653 659 661 673 677
Other ⛩ ∇ → 💠Other
179 160 139 120 106 100 102 113 130 151 171 188 198 199 191 177 157 136 117 104 100 103 115 133 154 174 190 198 198 190
Void ⛩ ∇ → 💠Void
Chaos ⛩ ∇ → 💠Chaos
154 ∇ → 2 7 11
Pattern ⊗ Other → Pattern
Chaos ⛩ ∇ → 💠Chaos
170 179 187 193 197 199 199 196 192 185 176 167 157 146 135 125 117 109 104 101 100 101 104 110 117 126 136 146 157 167
488 ∇ → 2 2 2 61
165 171 176 180 184 188 191 194 196 198 199 199 199 198 197 195 192 189 185 181 177 172 167 161 156 150 145 139 134 129
178 ∇ → 2 89
853 857 859 863 877 881 883 887 907 911 919 929 937 941 947 953 967 971 977 983
498 ∇ → 2 3 83
Light ⊗ Light → Resonance
152 130 112 102 100 108 123 144 165 184 196 199 193 179 159 137 118 104 100 104 117 136 158 178 193 199 196 185 166 145
194 179 158 134 115 102 100 108 125 148 170 189 198 198 187 168 145 123 107 100 103 116 137 160 181 195 199 193 178 156
167 183 195 199 197 187 172 153 134 117 105 100 102 111 126 144 163 180 193 199 198 189 175 157 138 120 107 100 101 108
281 283 293 307 311 313 317 331 337 347 349 353 359 367 373 379 383 389 397 401
Void ⛩ ∇ → 💠Void
190 175 156 135 117 105 100 103 114 132 152 172 188 198 199 192 178 159 138 119 106 100 102 112 129 149 169 186 197 199
296 ∇ → 2 2 2 37
29 ∇ → 29
399 ∇ → 3 7 19
198 195 191 186 180 174 166 158 150 142 134 126 120 113 108 104 101 100 100 101 103 107 112 117 124 132 139 148 156 164
683 691 701 709 719 727 733 739 743 751 757 761 769 773 787 797 809 811 821 823
157 165 173 180 186 191 195 198 199 199 198 195 191 186 179 172 165 156 148 140 132 124 117 111 107 103 101 100 100 102
Chaos ⊗ Light → Pattern
Void ⛩ ∇ → 💠Void
Other ⛩ ∇ → 💠Other
Chaos ⊗ Self → Pattern
499 503 509 521 523 541 547 557 563 569 571 577 587 593 599 601 607 613 617 619
428 ∇ → 2 2 107
432 ∇ → 2 2 2 2 3 3 3
64 ∇ → 2 2 2 2 2 2
259 ∇ → 7 37
Self ⛩ ∇ → 💠Self
198 199 196 188 176 161 146 130 117 107 101 100 103 112 123 138 154 169 182 192 198 199 196 187 175 161 145 130 117 107
991 997 1009 1013 1019 1021 1031 1033 1039 1049 1051 1061 1063 1069 1087 1091 1093 1097 1103 1109
179 169 159 147 136 126 116 109 103 100 100 102 106 113 122 132 143 154 165 175 184 192 197 199 199 197 192 184 175 165
449 457 461 463 467 479 487 491 499 503 509 521 523 541 547 557 563 569 571 577
307 311 313 317 331 337 347 349 353 359 367 373 379 383 389 397 401 409 419 421
Void ⛩ ∇ → 💠Void
168 176 183 188 193 197 199 199 199 197 193 188 182 175 168 159 151 142 134 126 119 113 108 104 101 100 100 101 104 109
941 947 953 967 971 977 983 991 997 1009 1013 1019 1021 1031 1033 1039 1049 1051 1061 1063
Void ⛩ ∇ → 💠Void
193 198 199 195 187 175 161 145 130 117 107 101 100 103 111 123 137 152 167 181 191 198 199 196 189 178 164 148 133 119
168 148 129 113 102 100 105 117 135 155 174 189 198 199 192 179 160 140 122 108 100 101 109 124 143 163 181 193 199 197
Void ⛩ ∇ → 💠Void
53 ∇ → 53
185 173 158 142 127 114 105 100 100 105 114 127 142 157 172 185 194 199 199 194 185 172 157 142 127 114 105 100 100 105
Other ⛩ ∇ → 💠Other
190 172 148 125 108 100 103 118 139 163 184 197 199 190 171 148 125 107 100 103 118 140 164 184 197 199 189 171 147 124
877 881 883 887 907 911 919 929 937 941 947 953 967 971 977 983 991 997 1009 1013
Chaos ⛩ ∇ → 💠Chaos
Chaos ⊗ Void → Pattern
398 ∇ → 2 199
73 79 83 89 97 101 103 107 109 113 127 131 137 139 149 151 157 163 167 173
197 199 199 199 198 196 192 188 183 177 171 164 157 149 142 135 128 122 116 111 106 103 101 100 100 101 103 106 110 114
509 521 523 541 547 557 563 569 571 577 587 593 599 601 607 613 617 619 631 641
157 145 133 122 113 106 101 100 101 105 112 121 131 143 155 167 177 187 194 198 199 198 194 187 178 167 156 144 132 121
199 194 183 168 152 134 119 107 101 100 105 116 130 147 164 180 192 198 199 194 184 169 152 135 119 108 101 100 105 115
458 ∇ → 2 229
177 184 189 194 197 199 199 198 196 192 186 180 173 165 156 148 139 131 123 116 110 106 102 100 100 100 103 107 112 118
172 182 190 196 199 199 196 190 181 171 159 147 135 123 114 106 101 100 101 105 112 121 132 145 157 169 180 189 195 199
Chaos ⊗ Self → Pattern
29 31 37 41 43 47 53 59 61 67 71 73 79 83 89 97 101 103 107 109
191 177 159 140 122 108 101 100 107 121 139 158 176 190 198 199 192 179 162 142 124 110 101 100 106 119 136 155 174 188
797 809 811 821 823 827 829 839 853 857 859 863 877 881 883 887 907 911 919 929
Chaos ⊗ Self → Pattern
Other ⊗ Self → Pattern
37 ∇ → 37
192 198 199 198 192 184 172 159 146 132 120 110 103 100 100 104 111 122 134 148 161 174 185 193 198 199 197 191 182 170
Other ⊗ Chaos → Pattern
94 ∇ → 2 47
307 311 313 317 331 337 347 349 353 359 367 373 379 383 389 397 401 409 419 421
Pattern ⊗ Self → Pattern
211 223 227 229 233 239 241 251 257 263 269 271 277 281 283 293 307 311 313 317
152 142 133 124 116 109 104 101 100 100 103 107 114 121 130 140 150 160 169 178 185 192 196 199 199 198 195 190 183 175
251 257 263 269 271 277 281 283 293 307 311 313 317 331 337 347 349 353 359 367
183 174 164 153 142 132 122 113 107 102 100 100 102 107 114 123 133 143 154 165 175 184 191 196 199 199 197 193 187 178
971 977 983 991 997 1009 1013 1019 1021 1031 1033 1039 1049 1051 1061 1063 1069 1087 1091 1093
877 881 883 887 907 911 919 929 937 941 947 953 967 971 977 983 991 997 1009 1013
Self ⊗ Light → Pattern
177 183 189 193 196 198 199 199 198 195 191 186 180 174 166 159 151 143 135 128 121 115 110 105 102 100 100 100 102 105
Pattern ⛩ ∇ → 💠Pattern
Light ⛩ ∇ → 💠Light
172 176 180 184 188 191 193 196 197 199 199 199 199 198 197 195 193 190 187 184 180 176 172 167 162 157 152 147 142 137
Chaos ⛩ ∇ → 💠Chaos
153 171 186 196 199 196 186 171 153 134 118 106 100 101 109 123 140 159 176 190 198 199 193 182 165 147 128 113 103 100
167 144 121 105 100 105 120 142 166 186 198 198 188 169 146 123 107 100 104 118 140 163 184 197 199 190 172 149 126 108
182 ∇ → 2 7 13
74 ∇ → 2 37
362 ∇ → 2 181
87 ∇ → 3 29
188 171 149 127 109 100 101 112 130 153 174 191 199 197 186 167 144 123 107 100 103 115 134 157 178 193 199 196 183 163
447 ∇ → 3 149
541 547 557 563 569 571 577 587 593 599 601 607 613 617 619 631 641 643 647 653
Light ⊗ Light → Resonance
157 ∇ → 157
Chaos ⊗ Void → Pattern
191 196 199 199 198 194 189 182 173 163 153 143 133 123 115 108 103 100 100 101 104 109 116 125 134 145 155 165 175 183
302 ∇ → 2 151
541 547 557 563 569 571 577 587 593 599 601 607 613 617 619 631 641 643 647 653
178 155 132 112 101 101 112 132 156 178 194 199 193 177 155 131 112 101 101 113 133 157 179 194 199 193 177 154 131 111
Self ⊗ Other → Pattern
Other ⛩ ∇ → 💠Other
191 187 181 175 169 162 155 148 141 134 127 121 115 110 106 103 101 100 100 101 103 105 109 114 120 126 132 139 146 154
Pattern ⛩ ∇ → 💠Pattern
336 ∇ → 2 2 2 2 3 7
Pattern ⛩ ∇ → 💠Pattern
169 163 157 151 145 139 133 127 122 117 113 109 105 103 101 100 100 100 101 103 106 109 113 117 122 128 133 139 146 152
134 ∇ → 2 67
Void ⛩ ∇ → 💠Void
167 151 135 120 108 101 100 103 112 124 140 156 172 185 195 199 198 192 182 168 152 135 120 109 102 100 103 111 124 139
172 177 181 185 189 192 195 197 198 199 199 199 198 197 195 192 189 185 181 176 171 166 161 155 150 144 139 133 128 123
Other ⊗ Self → Pattern
303 ∇ → 3 101
Other ⊗ Light → Pattern
Other ⛩ ∇ → 💠Other
641 643 647 653 659 661 673 677 683 691 701 709 719 727 733 739 743 751 757 761
412 ∇ → 2 2 103
Void ⊗ Void → Resonance
Light ⛩ ∇ → 💠Light
61 ∇ → 61
Other ⊗ Chaos → Pattern
186 173 158 141 125 112 104 100 101 108 119 134 150 167 181 192 198 199 195 185 172 156 140 124 112 103 100 102 109 120
167 152 136 122 111 103 100 101 107 117 131 146 161 175 187 196 199 198 193 183 170 155 139 125 113 104 100 100 106 115
Void ⊗ Pattern → Pattern
647 653 659 661 673 677 683 691 701 709 719 727 733 739 743 751 757 761 769 773
210 ∇ → 2 3 5 7
191 199 198 187 170 148 127 110 101 101 110 127 148 169 187 198 199 191 175 154 133 114 102 100 107 122 142 164 183 195
185 177 168 158 148 137 128 119 111 106 102 100 100 102 107 113 120 129 139 149 160 170 179 186 192 197 199 199 197 193
691 701 709 719 727 733 739 743 751 757 761 769 773 787 797 809 811 821 823 827
461 463 467 479 487 491 499 503 509 521 523 541 547 557 563 569 571 577 587 593
306 ∇ → 2 3 3 17
101 103 107 109 113 127 131 137 139 149 151 157 163 167 173 179 181 191 193 197
Void ⛩ ∇ → 💠Void
176 162 148 134 120 110 103 100 101 106 115 127 141 155 170 182 192 198 199 197 191 181 168 154 139 126 114 105 100 100
17 ∇ → 17
196 185 168 147 126 110 101 100 108 124 144 165 183 195 199 195 182 164 143 123 108 100 101 111 127 148 169 186 197 199
Light ⛩ ∇ → 💠Light
295 ∇ → 5 59
947 953 967 971 977 983 991 997 1009 1013 1019 1021 1031 1033 1039 1049 1051 1061 1063 1069
434 ∇ → 2 7 31
239 241 251 257 263 269 271 277 281 283 293 307 311 313 317 331 337 347 349 353
336 ∇ → 2 2 2 2 3 7
393 ∇ → 3 131
479 487 491 499 503 509 521 523 541 547 557 563 569 571 577 587 593 599 601 607
195 199 197 188 174 157 139 122 109 101 100 105 116 131 149 167 183 194 199 198 190 177 161 142 125 111 102 100 103 113
83 89 97 101 103 107 109 113 127 131 137 139 149 151 157 163 167 173 179 181
350 ∇ → 2 5 5 7
233 ∇ → 233
727 733 739 743 751 757 761 769 773 787 797 809 811 821 823 827 829 839 853 857
Light ⛩ ∇ → 💠Light
60 ∇ → 2 2 3 5
177 194 199 193 176 153 129 110 100 102 116 138 163 184 197 199 188 169 144 121 105 100 106 123 146 171 190 199 196 183
380 ∇ → 2 2 5 19
435 ∇ → 3 5 29
Light ⊗ Chaos → Pattern
124 ∇ → 2 2 31
251 ∇ → 251
199 197 193 187 179 169 159 149 138 128 119 112 106 102 100 100 102 107 113 121 131 141 151 162 172 181 188 194 198 199
Other ⛩ ∇ → 💠Other
266 ∇ → 2 7 19
Void ⛩ ∇ → 💠Void
619 631 641 643 647 653 659 661 673 677 683 691 701 709 719 727 733 739 743 751
907 911 919 929 937 941 947 953 967 971 977 983 991 997 1009 1013 1019 1021 1031 1033
919 929 937 941 947 953 967 971 977 983 991 997 1009 1013 1019 1021 1031 1033 1039 1049
Other ⛩ ∇ → 💠Other
701 709 719 727 733 739 743 751 757 761 769 773 787 797 809 811 821 823 827 829
Chaos ⛩ ∇ → 💠Chaos
400 ∇ → 2 2 2 2 5 5
375 ∇ → 3 5 5 5
199 193 182 167 149 131 116 105 100 101 109 121 138 156 173 187 196 199 196 187 173 156 138 121 109 101 100 105 116 131
194 179 157 133 114 102 100 110 129 152 175 192 199 196 182 161 137 116 103 100 108 125 148 171 189 199 197 185 165 141
199 199 199 199 197 195 192 189 185 180 175 170 164 158 152 146 140 134 128 123 118 114 110 106 104 102 100 100 100 100
857 859 863 877 881 883 887 907 911 919 929 937 941 947 953 967 971 977 983 991
263 269 271 277 281 283 293 307 311 313 317 331 337 347 349 353 359 367 373 379
997 1009 1013 1019 1021 1031 1033 1039 1049 1051 1061 1063 1069 1087 1091 1093 1097 1103 1109 1117
171 ∇ → 3 3 19
316 ∇ → 2 2 79
77 ∇ → 7 11
442 ∇ → 2 13 17
191 179 163 146 129 115 105 100 101 108 120 136 153 170 185 195 199 198 191 178 163 145 128 114 104 100 101 109 121 137
170 146 123 106 100 105 120 143 167 187 198 198 186 166 142 120 104 100 107 124 147 171 189 199 197 183 162 138 116 103
193 185 175 163 150 137 125 115 107 101 100 101 106 113 123 135 148 161 173 184 192 197 199 198 194 186 176 165 152 139
196 188 177 163 148 133 120 109 102 100 102 108 119 132 147 162 176 188 196 199 198 193 183 170 156 140 126 114 105 100
Chaos ⊗ Light → Pattern
110 ∇ → 2 5 11
169 149 129 113 102 100 106 119 137 158 177 191 199 198 189 173 154 133 116 104 100 104 115 133 153 173 189 198 199 192
Pattern ⛩ ∇ → 💠Pattern
541 547 557 563 569 571 577 587 593 599 601 607 613 617 619 631 641 643 647 653
Self ⛩ ∇ → 💠Self
431 ∇ → 431
421 ∇ → 421
Pattern ⊗ Void → Pattern
456 ∇ → 2 2 2 3 19
557 563 569 571 577 587 593 599 601 607 613 617 619 631 641 643 647 653 659 661
150 133 118 107 100 100 105 116 130 147 164 179 191 198 199 195 185 171 154 137 121 109 102 100 104 113 127 143 160 176
751 757 761 769 773 787 797 809 811 821 823 827 829 839 853 857 859 863 877 881
Light ⊗ Self → Pattern
122 ∇ → 2 61
401 409 419 421 431 433 439 443 449 457 461 463 467 479 487 491 499 503 509 521
69 ∇ → 3 23
225 ∇ → 3 3 5 5
44 ∇ → 2 2 11
859 863 877 881 883 887 907 911 919 929 937 941 947 953 967 971 977 983 991 997
337 347 349 353 359 367 373 379 383 389 397 401 409 419 421 431 433 439 443 449
Light ⛩ ∇ → 💠Light
587 593 599 601 607 613 617 619 631 641 643 647 653 659 661 673 677 683 691 701
719 727 733 739 743 751 757 761 769 773 787 797 809 811 821 823 827 829 839 853
195 190 184 176 167 157 147 137 127 119 112 106 102 100 100 102 106 111 119 127 137 146 157 166 175 183 190 195 198 199
163 167 173 179 181 191 193 197 199 211 223 227 229 233 239 241 251 257 263 269
476 ∇ → 2 2 7 17
199 199 195 188 178 166 154 140 128 117 108 102 100 100 104 112 121 133 146 159 171 182 191 197 199 199 194 187 177 166
149 151 157 163 167 173 179 181 191 193 197 199 211 223 227 229 233 239 241 251
79 ∇ → 79
156 169 181 191 197 199 198 193 185 173 160 146 133 120 110 103 100 100 104 112 123 136 149 163 176 187 194 199 199 196
59 61 67 71 73 79 83 89 97 101 103 107 109 113 127 131 137 139 149 151
182 164 144 125 109 101 100 108 122 141 161 179 193 199 197 188 172 152 132 115 103 100 104 116 133 153 173 188 198 199
541 547 557 563 569 571 577 587 593 599 601 607 613 617 619 631 641 643 647 653
Light ⊗ Chaos → Pattern
383 389 397 401 409 419 421 431 433 439 443 449 457 461 463 467 479 487 491 499
557 563 569 571 577 587 593 599 601 607 613 617 619 631 641 643 647 653 659 661
Light ⊗ Pattern → Pattern
887 907 911 919 929 937 941 947 953 967 971 977 983 991 997 1009 1013 1019 1021 1031
521 523 541 547 557 563 569 571 577 587 593 599 601 607 613 617 619 631 641 643
127 131 137 139 149 151 157 163 167 173 179 181 191 193 197 199 211 223 227 229
Chaos ⊗ Pattern → Pattern
122 ∇ → 2 61
Void ⊗ Self → Pattern
239 241 251 257 263 269 271 277 281 283 293 307 311 313 317 331 337 347 349 353
88 ∇ → 2 2 2 11
12 ∇ → 2 2 3
Chaos ⊗ Self → Pattern
178 185 191 195 198 199 199 197 194 190 184 177 169 160 152 143 134 126 119 112 107 103 100 100 100 102 106 111 117 125
809 811 821 823 827 829 839 853 857 859 863 877 881 883 887 907 911 919 929 937
Pattern ⊗ Chaos → Pattern
132 ∇ → 2 2 3 11
180 192 198 199 194 184 170 153 137 121 109 101 100 104 113 126 143 160 176 188 197 199 196 188 175 159 142 126 112 103
359 367 373 379 383 389 397 401 409 419 421 431 433 439 443 449 457 461 463 467
188 199 197 185 164 140 119 104 100 107 124 147 171 190 199 197 184 163 139 117 103 100 108 126 149 173 191 199 196 182
165 177 187 195 199 199 196 190 181 169 156 143 130 118 109 103 100 100 105 112 122 134 148 161 173 184 193 198 199 198
97 101 103 107 109 113 127 131 137 139 149 151 157 163 167 173 179 181 191 193
239 241 251 257 263 269 271 277 281 283 293 307 311 313 317 331 337 347 349 353
429 ∇ → 3 11 13
196 199 199 196 191 183 173 161 149 137 126 116 108 102 100 100 103 109 118 128 139 151 163 175 184 192 197 199 199 195
Void ⊗ Other → Pattern
Void ⊗ Light → Pattern
199 199 198 196 194 190 185 180 174 168 161 154 147 140 133 127 121 115 110 106 103 101 100 100 100 102 105 108 113 118
613 617 619 631 641 643 647 653 659 661 673 677 683 691 701 709 719 727 733 739
170 185 195 199 198 190 177 161 143 127 113 103 100 102 110 124 140 158 174 188 197 199 196 187 174 157 139 123 110 102
557 563 569 571 577 587 593 599 601 607 613 617 619 631 641 643 647 653 659 661
162 180 193 199 198 189 174 155 136 118 106 100 102 111 126 145 164 182 194 199 197 187 172 153 133 116 105 100 102 112
211 ∇ → 211
Chaos ⊗ Pattern → Pattern
40 ∇ → 2 2 2 5
587 593 599 601 607 613 617 619 631 641 643 647 653 659 661 673 677 683 691 701
214 ∇ → 2 107
823 827 829 839 853 857 859 863 877 881 883 887 907 911 919 929 937 941 947 953
188 194 198 199 197 192 185 175 163 151 139 127 117 108 103 100 100 103 109 118 128 140 152 165 176 186 193 198 199 198
188 170 148 126 109 100 102 114 133 156 177 193 199 195 182 161 138 118 104 100 106 121 142 165 185 197 199 191 174 152
Light ⊗ Chaos → Pattern
340 ∇ → 2 2 5 17
30 ∇ → 2 3 5
Chaos ⛩ ∇ → 💠Chaos
347 ∇ → 347
162 150 138 127 117 109 103 100 100 102 107 115 124 135 146 158 170 180 188 195 198 199 198 193 186 177 167 155 144 132
Self ⊗ Void → Pattern
459 ∇ → 3 3 3 17
Light ⛩ ∇ → 💠Light
Void ⛩ ∇ → 💠Void
263 269 271 277 281 283 293 307 311 313 317 331 337 347 349 353 359 367 373 379
137 139 149 151 157 163 167 173 179 181 191 193 197 199 211 223 227 229 233 239
185 175 163 150 138 126 115 107 102 100 101 105 112 122 133 145 158 170 181 190 196 199 199 196 189 180 169 157 144 131
192 196 199 199 199 196 191 186 178 170 161 152 143 134 125 117 111 105 102 100 100 101 104 109 116 123 132 141 150 159
190 198 199 193 182 165 147 129 114 103 100 103 112 127 145 163 180 192 199 198 191 178 161 143 125 111 102 100 104 115
199 197 194 190 185 180 174 167 159 152 144 137 130 123 117 112 107 104 101 100 100 100 102 105 110 114 120 127 134 141
Void ⊗ Self → Pattern
439 443 449 457 461 463 467 479 487 491 499 503 509 521 523 541 547 557 563 569
17 ∇ → 17
67 71 73 79 83 89 97 101 103 107 109 113 127 131 137 139 149 151 157 163
Other ⛩ ∇ → 💠Other
509 521 523 541 547 557 563 569 571 577 587 593 599 601 607 613 617 619 631 641
541 547 557 563 569 571 577 587 593 599 601 607 613 617 619 631 641 643 647 653
199 195 186 173 157 141 125 112 104 100 101 108 119 133 150 166 180 191 198 199 195 186 174 158 142 126 113 104 100 101
Light ⊗ Chaos → Pattern
334 ∇ → 2 167
Other ⊗ Other → Resonance
190 173 151 129 111 101 101 110 127 149 171 188 198 198 188 171 149 127 110 101 101 111 129 151 173 190 199 198 187 169
489 ∇ → 3 163
109 113 127 131 137 139 149 151 157 163 167 173 179 181 191 193 197 199 211 223
89 97 101 103 107 109 113 127 131 137 139 149 151 157 163 167 173 179 181 191
757 761 769 773 787 797 809 811 821 823 827 829 839 853 857 859 863 877 881 883
199 193 180 162 142 123 109 101 100 107 121 139 159 178 191 199 198 190 176 157 137 120 106 100 101 110 125 144 164 181
83 89 97 101 103 107 109 113 127 131 137 139 149 151 157 163 167 173 179 181
Light ⛩ ∇ → 💠Light
186 171 152 133 116 104 100 102 113 128 147 167 183 195 199 196 186 171 152 132 116 104 100 103 113 128 147 167 183 195
303 ∇ → 3 101
172 150 128 111 101 101 110 128 150 172 189 198 198 188 170 148 126 109 100 101 112 130 152 174 190 199 197 186 168 146
Self ⛩ ∇ → 💠Self
59 ∇ → 59
317 331 337 347 349 353 359 367 373 379 383 389 397 401 409 419 421 431 433 439
Pattern ⛩ ∇ → 💠Pattern
Self ⛩ ∇ → 💠Self
363 ∇ → 3 11 11
191 175 154 132 113 102 100 108 125 147 169 187 198 199 190 173 151 129 111 101 101 110 128 149 171 189 198 198 188 170
547 557 563 569 571 577 587 593 599 601 607 613 617 619 631 641 643 647 653 659
155 160 165 170 175 179 183 187 190 193 195 197 199 199 199 199 198 197 195 192 189 185 182 177 173 168 163 158 152 147
97 ∇ → 97
Pattern ⛩ ∇ → 💠Pattern
Self ⊗ Other → Pattern
179 181 191 193 197 199 211 223 227 229 233 239 241 251 257 263 269 271 277 281
641 643 647 653 659 661 673 677 683 691 701 709 719 727 733 739 743 751 757 761
911 919 929 937 941 947 953 967 971 977 983 991 997 1009 1013 1019 1021 1031 1033 1039
463 ∇ → 463
414 ∇ → 2 3 3 23
541 547 557 563 569 571 577 587 593 599 601 607 613 617 619 631 641 643 647 653
Self ⛩ ∇ → 💠Self
Pattern ⛩ ∇ → 💠Pattern
Pattern ⛩ ∇ → 💠Pattern
129 ∇ → 3 43
196 193 188 183 176 169 161 152 144 136 128 121 115 109 105 102 100 100 100 103 106 111 117 123 131 138 147 155 163 171
Void ⛩ ∇ → 💠Void
199 197 189 176 160 144 128 114 104 100 101 107 119 133 150 166 181 192 198 199 194 185 171 155 138 123 110 102 100 102
Chaos ⛩ ∇ → 💠Chaos
132 ∇ → 2 2 3 11
Chaos ⊗ Light → Pattern
97 101 103 107 109 113 127 131 137 139 149 151 157 163 167 173 179 181 191 193
431 433 439 443 449 457 461 463 467 479 487 491 499 503 509 521 523 541 547 557
177 192 199 197 187 170 149 129 112 101 100 108 123 143 164 182 195 199 195 182 163 142 122 107 100 102 112 129 150 171
Chaos ⊗ Self → Pattern
44 ∇ → 2 2 11
198 196 193 189 184 178 172 165 158 151 143 136 129 122 116 111 107 103 101 100 100 100 103 106 110 115 120 127 134 141
350 ∇ → 2 5 5 7
719 727 733 739 743 751 757 761 769 773 787 797 809 811 821 823 827 829 839 853
197 193 186 178 168 158 146 135 125 116 109 103 100 100 101 106 112 120 130 141 152 163 173 183 190 196 199 199 198 194
276 ∇ → 2 2 3 23
Pattern ⊗ Other → Pattern
317 ∇ → 317
499 ∇ → 499
293 307 311 313 317 331 337 347 349 353 359 367 373 379 383 389 397 401 409 419
593 599 601 607 613 617 619 631 641 643 647 653 659 661 673 677 683 691 701 709
213 ∇ → 3 71
25 ∇ → 5 5
619 631 641 643 647 653 659 661 673 677 683 691 701 709 719 727 733 739 743 751
198 199 197 190 180 166 152 137 123 112 104 100 100 105 114 126 141 155 170 182 192 198 199 196 189 178 165 150 136 122
488 ∇ → 2 2 2 61
Self ⛩ ∇ → 💠Self
797 809 811 821 823 827 829 839 853 857 859 863 877 881 883 887 907 911 919 929
Chaos ⊗ Light → Pattern
179 187 193 198 199 199 196 190 183 174 164 153 142 131 121 113 106 102 100 100 103 108 115 124 134 145 156 167 177 186
432 ∇ → 2 2 2 2 3 3 3
661 673 677 683 691 701 709 719 727 733 739 743 751 757 761 769 773 787 797 809
Self ⛩ ∇ → 💠Self
877 881 883 887 907 911 919 929 937 941 947 953 967 971 977 983 991 997 1009 1013
Pattern ⛩ ∇ → 💠Pattern
21 ∇ → 3 7
163 167 173 179 181 191 193 197 199 211 223 227 229 233 239 241 251 257 263 269
449 457 461 463 467 479 487 491 499 503 509 521 523 541 547 557 563 569 571 577
196 199 199 196 189 180 168 156 143 130 119 110 103 100 100 103 110 119 131 143 156 169 180 189 196 199 199 196 189 180
83 89 97 101 103 107 109 113 127 131 137 139 149 151 157 163 167 173 179 181
449 457 461 463 467 479 487 491 499 503 509 521 523 541 547 557 563 569 571 577
176 186 194 199 199 196 190 180 168 155 141 128 116 107 102 100 101 107 115 127 140 153 167 179 189 196 199 199 195 187
727 733 739 743 751 757 761 769 773 787 797 809 811 821 823 827 829 839 853 857
631 641 643 647 653 659 661 673 677 683 691 701 709 719 727 733 739 743 751 757
Self ⊗ Other → Pattern
809 811 821 823 827 829 839 853 857 859 863 877 881 883 887 907 911 919 929 937
Other ⊗ Chaos → Pattern
369 ∇ → 3 3 41
354 ∇ → 2 3 59
101 103 107 109 113 127 131 137 139 149 151 157 163 167 173 179 181 191 193 197
877 881 883 887 907 911 919 929 937 941 947 953 967 971 977 983 991 997 1009 1013
479 487 491 499 503 509 521 523 541 547 557 563 569 571 577 587 593 599 601 607
172 190 199 196 183 162 138 116 103 100 109 127 150 173 191 199 196 182 160 136 115 102 100 110 128 152 175 192 199 195
157 179 195 199 192 175 152 128 110 100 102 115 137 161 182 196 199 190 172 149 125 107 100 104 118 140 164 185 197 199
153 167 180 190 197 199 198 192 182 170 155 141 127 115 106 101 100 103 110 121 134 149 163 177 188 195 199 199 194 185
286 ∇ → 2 11 13
467 ∇ → 467
192 188 184 179 173 167 160 153 147 140 134 127 121 116 111 107 104 102 100 100 100 101 103 106 110 114 119 125 131 137
Self ⊗ Void → Pattern
172 159 146 133 121 112 104 100 100 102 108 117 128 141 154 167 178 188 195 199 199 196 190 181 170 157 144 131 120 110
165 157 148 139 130 122 115 109 105 101 100 100 101 104 109 115 122 130 139 148 157 165 174 181 187 193 196 199 199 199
Self ⛩ ∇ → 💠Self
66 ∇ → 2 3 11
Void ⊗ Chaos → Pattern
683 691 701 709 719 727 733 739 743 751 757 761 769 773 787 797 809 811 821 823
164 149 134 120 109 102 100 102 108 118 132 147 162 176 188 196 199 198 193 183 171 156 141 126 114 105 100 100 105 113
67 71 73 79 83 89 97 101 103 107 109 113 127 131 137 139 149 151 157 163
Chaos ⛩ ∇ → 💠Chaos
283 293 307 311 313 317 331 337 347 349 353 359 367 373 379 383 389 397 401 409
Void ⊗ Other → Pattern
Self ⛩ ∇ → 💠Self
997 1009 1013 1019 1021 1031 1033 1039 1049 1051 1061 1063 1069 1087 1091 1093 1097 1103 1109 1117
166 183 195 199 196 186 169 150 130 114 103 100 104 116 133 152 172 187 197 199 194 181 163 144 125 110 101 100 107 121
Other ⛩ ∇ → 💠Other
199 199 195 188 178 165 151 137 125 114 105 101 100 103 109 119 131 144 158 172 183 192 198 199 198 192 183 171 158 144
971 977 983 991 997 1009 1013 1019 1021 1031 1033 1039 1049 1051 1061 1063 1069 1087 1091 1093
199 198 192 180 165 148 131 116 105 100 101 107 118 134 151 168 183 193 199 198 192 181 165 148 131 116 106 100 100 107
Self ⊗ Pattern → Pattern
Self ⊗ Void → Pattern
797 809 811 821 823 827 829 839 853 857 859 863 877 881 883 887 907 911 919 929
457 461 463 467 479 487 491 499 503 509 521 523 541 547 557 563 569 571 577 587
242 ∇ → 2 11 11
557 563 569 571 577 587 593 599 601 607 613 617 619 631 641 643 647 653 659 661
197 199 188 169 145 122 106 100 105 120 143 167 187 198 198 187 167 143 120 105 100 106 123 145 169 188 199 197 185 164
136 ∇ → 2 2 2 17
991 997 1009 1013 1019 1021 1031 1033 1039 1049 1051 1061 1063 1069 1087 1091 1093 1097 1103 1109
Self ⛩ ∇ → 💠Self
389 ∇ → 389
170 156 141 128 116 106 101 100 102 109 119 132 146 161 174 186 194 199 199 195 188 177 164 149 135 122 111 103 100 100
Other ⛩ ∇ → 💠Other
857 859 863 877 881 883 887 907 911 919 929 937 941 947 953 967 971 977 983 991
Void ⊗ Chaos → Pattern
184 175 165 154 143 133 123 114 107 102 100 100 102 107 113 122 131 142 153 164 174 183 190 196 199 199 198 194 188 180
937 941 947 953 967 971 977 983 991 997 1009 1013 1019 1021 1031 1033 1039 1049 1051 1061
Other ⛩ ∇ → 💠Other
162 ∇ → 2 3 3 3 3
809 811 821 823 827 829 839 853 857 859 863 877 881 883 887 907 911 919 929 937
175 169 162 155 149 142 135 129 122 117 112 108 104 102 100 100 100 101 103 106 110 114 120 125 132 138 145 152 159 165
151 ∇ → 151
Pattern ⛩ ∇ → 💠Pattern
238 ∇ → 2 7 17
Light ⊗ Chaos → Pattern
Chaos ⊗ Light → Pattern
431 433 439 443 449 457 461 463 467 479 487 491 499 503 509 521 523 541 547 557
137 139 149 151 157 163 167 173 179 181 191 193 197 199 211 223 227 229 233 239
Chaos ⛩ ∇ → 💠Chaos
937 941 947 953 967 971 977 983 991 997 1009 1013 1019 1021 1031 1033 1039 1049 1051 1061
191 197 199 199 195 187 178 166 153 140 128 117 108 102 100 100 104 111 121 133 145 158 171 182 191 197 199 199 195 188
175 161 146 131 118 108 102 100 102 109 120 133 148 163 177 188 196 199 198 193 183 170 156 140 126 114 105 100 100 104
563 569 571 577 587 593 599 601 607 613 617 619 631 641 643 647 653 659 661 673
177 191 198 199 193 181 164 145 127 112 103 100 103 114 129 147 166 182 194 199 198 190 176 159 140 123 109 101 100 106
192 197 199 199 197 193 186 178 169 159 148 137 127 118 111 105 101 100 100 103 108 115 124 134 144 155 165 175 184 191
449 ∇ → 449
224 ∇ → 2 2 2 2 2 7
199 198 195 190 184 176 167 157 147 137 128 119 112 106 102 100 100 101 105 110 117 125 134 144 154 164 173 181 188 194
179 164 146 129 114 104 100 101 109 122 138 155 172 186 196 199 197 189 175 159 141 125 111 102 100 103 112 126 142 160
280 ∇ → 2 2 2 5 7
Self ⛩ ∇ → 💠Self
787 797 809 811 821 823 827 829 839 853 857 859 863 877 881 883 887 907 911 919
16 ∇ → 2 2 2 2
641 643 647 653 659 661 673 677 683 691 701 709 719 727 733 739 743 751 757 761
435 ∇ → 3 5 29
Pattern ⊗ Pattern → Resonance
Pattern ⊗ Chaos → Pattern
191 197 199 198 193 185 174 161 148 134 122 112 104 100 100 103 110 120 132 146 160 173 184 192 198 199 197 192 183 171
Other ⛩ ∇ → 💠Other
211 223 227 229 233 239 241 251 257 263 269 271 277 281 283 293 307 311 313 317
Light ⊗ Pattern → Pattern
Self ⛩ ∇ → 💠Self
233 239 241 251 257 263 269 271 277 281 283 293 307 311 313 317 331 337 347 349
29 ∇ → 29
Light ⊗ Void → Pattern
196 199 199 197 192 184 175 164 152 140 129 119 110 104 100 100 101 106 113 122 133 145 156 168 178 187 194 198 199 198
336 ∇ → 2 2 2 2 3 7
198 193 184 173 160 146 132 120 110 103 100 100 104 112 123 135 149 163 176 186 194 199 199 196 189 180 168 154 140 127
312 ∇ → 2 2 2 3 13
239 ∇ → 239
149 151 157 163 167 173 179 181 191 193 197 199 211 223 227 229 233 239 241 251
158 ∇ → 2 79
Void ⊗ Chaos → Pattern
173 155 137 120 108 101 100 106 118 134 153 170 185 195 199 197 188 173 156 138 121 108 101 100 106 118 134 152 170 185
171 151 130 113 102 100 105 118 137 158 177 191 199 198 189 173 153 132 115 103 100 104 117 135 155 175 190 198 198 190
53 59 61 67 71 73 79 83 89 97 101 103 107 109 113 127 131 137 139 149
Void ⊗ Self → Pattern
140 ∇ → 2 2 5 7
284 ∇ → 2 2 71
401 409 419 421 431 433 439 443 449 457 461 463 467 479 487 491 499 503 509 521
701 709 719 727 733 739 743 751 757 761 769 773 787 797 809 811 821 823 827 829
659 661 673 677 683 691 701 709 719 727 733 739 743 751 757 761 769 773 787 797
184 188 191 194 197 198 199 199 199 198 197 194 192 188 184 180 175 170 165 159 153 148 142 136 131 126 121 116 112 109
929 937 941 947 953 967 971 977 983 991 997 1009 1013 1019 1021 1031 1033 1039 1049 1051
Self ⛩ ∇ → 💠Self
443 449 457 461 463 467 479 487 491 499 503 509 521 523 541 547 557 563 569 571
557 563 569 571 577 587 593 599 601 607 613 617 619 631 641 643 647 653 659 661
194 197 199 199 199 197 194 190 184 178 172 164 156 149 141 133 126 119 113 108 104 102 100 100 100 102 106 110 115 122
Pattern ⛩ ∇ → 💠Pattern
Pattern ⊗ Light → Pattern
164 179 191 198 199 195 186 172 156 139 123 110 102 100 103 111 124 140 157 173 186 196 199 198 190 178 163 146 129 115
178 ∇ → 2 89
437 ∇ → 19 23
149 ∇ → 149
495 ∇ → 3 3 5 11
212 ∇ → 2 2 53
Other ⛩ ∇ → 💠Other
472 ∇ → 2 2 2 59
Other ⊗ Self → Pattern
359 ∇ → 359
385 ∇ → 5 7 11
176 158 140 122 109 101 100 106 118 134 153 171 186 196 199 196 186 171 153 134 118 106 100 101 109 122 140 158 176 190
163 154 144 134 125 117 110 105 101 100 100 102 106 112 119 127 137 146 156 166 175 183 189 195 198 199 199 197 192 187
183 162 139 118 104 100 107 123 146 169 188 198 198 187 168 145 122 106 100 104 118 140 163 184 197 199 191 173 151 128
263 269 271 277 281 283 293 307 311 313 317 331 337 347 349 353 359 367 373 379
439 443 449 457 461 463 467 479 487 491 499 503 509 521 523 541 547 557 563 569
Self ⛩ ∇ → 💠Self
Pattern ⊗ Other → Pattern
19 ∇ → 19
295 ∇ → 5 59
183 167 148 130 115 104 100 102 111 125 143 162 179 191 198 199 192 180 163 145 127 112 103 100 103 114 129 147 165 181
182 ∇ → 2 7 13
Void ⊗ Other → Pattern
192 181 167 152 135 121 109 102 100 102 110 122 137 153 169 183 193 199 199 194 185 172 156 140 125 112 103 100 101 108
Light ⊗ Pattern → Pattern
234 ∇ → 2 3 3 13
Chaos ⛩ ∇ → 💠Chaos
Other ⛩ ∇ → 💠Other
279 ∇ → 3 3 31
829 839 853 857 859 863 877 881 883 887 907 911 919 929 937 941 947 953 967 971
198 197 194 191 187 182 177 171 165 158 152 145 138 132 126 120 115 111 107 104 102 100 100 100 101 103 106 109 114 118
787 797 809 811 821 823 827 829 839 853 857 859 863 877 881 883 887 907 911 919
309 ∇ → 3 103
Pattern ⊗ Void → Pattern
883 887 907 911 919 929 937 941 947 953 967 971 977 983 991 997 1009 1013 1019 1021
117 ∇ → 3 3 13
Other ⛩ ∇ → 💠Other
Pattern ⛩ ∇ → 💠Pattern
195 199 195 182 164 143 123 108 100 101 110 126 146 167 185 196 199 194 181 162 141 122 107 100 101 111 128 148 169 186
163 142 123 108 100 101 110 126 146 166 184 196 199 195 182 164 144 124 109 100 101 109 125 144 165 183 195 199 195 183
Void ⛩ ∇ → 💠Void
199 197 189 175 158 140 123 109 101 100 105 116 131 149 167 182 194 199 198 190 178 161 143 125 111 102 100 103 113 128
Light ⛩ ∇ → 💠Light
429 ∇ → 3 11 13
171 164 156 148 139 132 124 118 112 107 103 101 100 100 101 104 108 113 119 126 133 141 150 158 166 173 180 186 191 195
183 164 141 120 105 100 104 118 138 161 181 195 199 194 179 158 135 115 103 100 107 123 144 167 186 197 199 190 173 152
Light ⛩ ∇ → 💠Light
179 181 191 193 197 199 211 223 227 229 233 239 241 251 257 263 269 271 277 281
193 196 199 199 199 197 193 189 183 176 168 160 152 143 135 127 119 113 108 104 101 100 100 101 105 109 115 121 129 137
Chaos ⛩ ∇ → 💠Chaos
164 183 195 199 196 184 166 145 126 110 101 100 108 123 143 163 182 194 199 196 185 167 147 127 111 101 100 108 122 141
445 ∇ → 5 89
167 173 179 181 191 193 197 199 211 223 227 229 233 239 241 251 257 263 269 271
181 185 189 192 195 197 198 199 199 199 198 197 195 193 190 186 182 178 173 168 163 158 152 147 142 136 131 126 121 117
829 839 853 857 859 863 877 881 883 887 907 911 919 929 937 941 947 953 967 971
769 773 787 797 809 811 821 823 827 829 839 853 857 859 863 877 881 883 887 907
219 ∇ → 3 73
307 311 313 317 331 337 347 349 353 359 367 373 379 383 389 397 401 409 419 421
419 ∇ → 419
39 ∇ → 3 13
41 43 47 53 59 61 67 71 73 79 83 89 97 101 103 107 109 113 127 131
167 151 135 121 109 102 100 102 110 122 136 152 168 182 192 198 199 195 187 174 159 143 128 115 105 100 100 105 115 128
907 911 919 929 937 941 947 953 967 971 977 983 991 997 1009 1013 1019 1021 1031 1033
431 433 439 443 449 457 461 463 467 479 487 491 499 503 509 521 523 541 547 557
123 ∇ → 3 41
199 197 191 182 170 157 143 129 117 108 102 100 101 106 115 126 140 154 167 180 189 196 199 199 194 186 175 162 148 134
Light ⊗ Other → Pattern
261 ∇ → 3 3 29
157 150 142 134 127 120 114 109 105 102 100 100 100 102 105 109 114 120 126 134 141 149 157 165 172 179 185 190 194 197
967 971 977 983 991 997 1009 1013 1019 1021 1031 1033 1039 1049 1051 1061 1063 1069 1087 1091
199 199 193 182 167 150 133 117 106 100 100 106 117 132 150 167 182 193 199 199 193 181 166 149 132 117 106 100 100 106
541 547 557 563 569 571 577 587 593 599 601 607 613 617 619 631 641 643 647 653
163 176 187 195 199 199 195 187 176 163 149 135 122 111 104 100 100 105 113 124 137 151 166 178 189 196 199 199 194 185
Chaos ⛩ ∇ → 💠Chaos
Light ⛩ ∇ → 💠Light
Light ⛩ ∇ → 💠Light
Chaos ⛩ ∇ → 💠Chaos
173 152 130 112 101 100 109 125 146 168 186 197 199 191 175 153 131 113 102 100 108 124 145 167 185 197 199 192 176 155
248 ∇ → 2 2 2 31
677 683 691 701 709 719 727 733 739 743 751 757 761 769 773 787 797 809 811 821
199 198 195 192 188 182 176 170 163 156 148 141 134 127 121 115 110 106 103 101 100 100 101 103 106 111 116 122 128 135
67 ∇ → 67
Void ⊗ Chaos → Pattern
599 601 607 613 617 619 631 641 643 647 653 659 661 673 677 683 691 701 709 719
Other ⊗ Chaos → Pattern
197 193 186 178 168 157 145 134 124 115 108 103 100 100 102 107 114 123 133 144 155 166 177 185 192 197 199 199 196 191
487 491 499 503 509 521 523 541 547 557 563 569 571 577 587 593 599 601 607 613
593 599 601 607 613 617 619 631 641 643 647 653 659 661 673 677 683 691 701 709
Chaos ⛩ ∇ → 💠Chaos
431 433 439 443 449 457 461 463 467 479 487 491 499 503 509 521 523 541 547 557
197 185 167 145 124 108 100 102 113 132 154 175 191 199 197 186 168 146 125 108 100 102 113 131 153 174 190 199 198 187
727 733 739 743 751 757 761 769 773 787 797 809 811 821 823 827 829 839 853 857
195 187 175 160 144 129 116 106 100 100 104 113 126 140 156 171 184 194 199 199 194 185 172 157 141 126 114 105 100 100
8 ∇ → 2 2 2
76 ∇ → 2 2 19
Light ⊗ Self → Pattern
Chaos ⊗ Pattern → Pattern
108 ∇ → 2 2 3 3 3
Other ⊗ Light → Pattern
Chaos ⛩ ∇ → 💠Chaos
194 ∇ → 2 97
192 189 185 180 175 170 164 158 152 146 140 134 128 123 118 113 110 106 103 101 100 100 100 101 102 105 108 111 116 120
379 383 389 397 401 409 419 421 431 433 439 443 449 457 461 463 467 479 487 491
59 ∇ → 59
487 491 499 503 509 521 523 541 547 557 563 569 571 577 587 593 599 601 607 613
194 199 199 195 188 176 163 148 134 121 110 103 100 101 106 116 128 142 157 171 183 193 198 199 196 189 179 165 151 136
Self ⊗ Chaos → Pattern
Pattern ⊗ Self → Pattern
Self ⛩ ∇ → 💠Self
163 167 173 179 181 191 193 197 199 211 223 227 229 233 239 241 251 257 263 269
135 ∇ → 3 3 3 5
Self ⊗ Void → Pattern
466 ∇ → 2 233
152 142 131 122 114 107 102 100 100 102 106 112 120 129 139 150 161 171 180 188 194 198 199 199 196 191 185 176 167 156
541 547 557 563 569 571 577 587 593 599 601 607 613 617 619 631 641 643 647 653
251 257 263 269 271 277 281 283 293 307 311 313 317 331 337 347 349 353 359 367
Chaos ⛩ ∇ → 💠Chaos
262 ∇ → 2 131
Other ⊗ Chaos → Pattern
Self ⊗ Void → Pattern
701 709 719 727 733 739 743 751 757 761 769 773 787 797 809 811 821 823 827 829
Other ⛩ ∇ → 💠Other
210 ∇ → 2 3 5 7
173 187 196 199 197 189 177 161 144 127 113 104 100 101 109 121 136 154 170 184 194 199 198 191 180 164 147 130 116 105
379 383 389 397 401 409 419 421 431 433 439 443 449 457 461 463 467 479 487 491
Pattern ⛩ ∇ → 💠Pattern
Chaos ⊗ Chaos → Resonance
151 157 163 167 173 179 181 191 193 197 199 211 223 227 229 233 239 241 251 257
199 195 188 179 168 156 143 131 120 111 104 100 100 102 107 115 125 137 149 162 173 183 192 197 199 199 195 188 179 168
198 199 199 195 190 183 175 165 154 144 133 124 115 108 103 100 100 101 105 111 118 127 137 148 159 169 178 186 193 197
Pattern ⊗ Void → Pattern
769 773 787 797 809 811 821 823 827 829 839 853 857 859 863 877 881 883 887 907
347 349 353 359 367 373 379 383 389 397 401 409 419 421 431 433 439 443 449 457
Other ⛩ ∇ → 💠Other
51 ∇ → 3 17
863 877 881 883 887 907 911 919 929 937 941 947 953 967 971 977 983 991 997 1009
174 161 147 132 120 109 103 100 101 106 115 127 141 155 169 182 191 197 199 197 191 182 169 155 141 127 115 106 101 100
Other ⛩ ∇ → 💠Other
797 809 811 821 823 827 829 839 853 857 859 863 877 881 883 887 907 911 919 929
499 503 509 521 523 541 547 557 563 569 571 577 587 593 599 601 607 613 617 619
733 739 743 751 757 761 769 773 787 797 809 811 821 823 827 829 839 853 857 859
480 ∇ → 2 2 2 2 2 3 5
199 194 186 175 162 148 134 121 111 104 100 100 104 112 122 135 149 163 176 186 194 199 199 196 189 179 166 152 138 125
587 593 599 601 607 613 617 619 631 641 643 647 653 659 661 673 677 683 691 701
89 97 101 103 107 109 113 127 131 137 139 149 151 157 163 167 173 179 181 191
85 ∇ → 5 17
593 599 601 607 613 617 619 631 641 643 647 653 659 661 673 677 683 691 701 709
541 547 557 563 569 571 577 587 593 599 601 607 613 617 619 631 641 643 647 653
260 ∇ → 2 2 5 13
43 47 53 59 61 67 71 73 79 83 89 97 101 103 107 109 113 127 131 137
239 241 251 257 263 269 271 277 281 283 293 307 311 313 317 331 337 347 349 353
98 ∇ → 2 7 7
Light ⊗ Void → Pattern
186 182 177 173 167 162 157 151 145 140 135 129 124 120 115 112 108 105 103 101 100 100 100 100 102 104 106 109 113 117
67 71 73 79 83 89 97 101 103 107 109 113 127 131 137 139 149 151 157 163
577 587 593 599 601 607 613 617 619 631 641 643 647 653 659 661 673 677 683 691
165 ∇ → 3 5 11
463 467 479 487 491 499 503 509 521 523 541 547 557 563 569 571 577 587 593 599
911 919 929 937 941 947 953 967 971 977 983 991 997 1009 1013 1019 1021 1031 1033 1039
Chaos ⛩ ∇ → 💠Chaos
431 433 439 443 449 457 461 463 467 479 487 491 499 503 509 521 523 541 547 557
463 ∇ → 463
196 191 184 175 166 155 145 134 125 116 109 104 100 100 101 104 110 117 126 136 146 157 167 177 185 192 196 199 199 197
757 761 769 773 787 797 809 811 821 823 827 829 839 853 857 859 863 877 881 883
199 197 193 188 181 173 164 155 145 136 127 119 112 106 102 100 100 101 104 109 116 123 132 141 151 160 170 178 185 191
181 166 150 134 119 108 101 100 104 113 126 142 158 174 187 196 199 198 191 179 165 148 132 118 107 101 100 105 114 128
469 ∇ → 7 67
80 ∇ → 2 2 2 2 5
839 853 857 859 863 877 881 883 887 907 911 919 929 937 941 947 953 967 971 977
196 187 174 158 141 125 112 103 100 102 109 121 136 153 170 184 194 199 199 192 182 167 150 134 119 107 101 100 104 114
378 ∇ → 2 3 3 3 7
199 198 193 182 168 152 136 122 110 102 100 102 110 121 136 152 168 182 192 198 199 195 185 172 157 141 126 113 104 100
185 175 164 151 138 126 116 108 102 100 100 104 111 121 132 144 157 169 180 189 196 199 199 196 190 181 171 159 146 133
186 195 199 199 194 185 172 158 142 128 115 106 101 100 104 112 124 138 153 168 181 191 198 199 197 189 178 165 150 134
482 ∇ → 2 241
48 ∇ → 2 2 2 2 3
194 188 181 173 163 153 143 133 124 116 109 104 101 100 100 103 108 114 122 131 141 151 161 171 179 187 193 197 199 199
199 199 195 188 178 166 152 139 126 115 107 101 100 101 106 115 125 138 151 165 177 187 194 199 199 196 190 181 169 156
Void ⊗ Self → Pattern
199 197 187 169 147 126 109 100 101 111 129 151 172 189 198 198 189 171 150 128 111 101 100 109 126 148 169 187 198 199
59 61 67 71 73 79 83 89 97 101 103 107 109 113 127 131 137 139 149 151
256 ∇ → 2 2 2 2 2 2 2 2
400 ∇ → 2 2 2 2 5 5
Void ⛩ ∇ → 💠Void
Chaos ⊗ Light → Pattern
54 ∇ → 2 3 3 3
Other ⛩ ∇ → 💠Other
Pattern ⛩ ∇ → 💠Pattern
929 937 941 947 953 967 971 977 983 991 997 1009 1013 1019 1021 1031 1033 1039 1049 1051
454 ∇ → 2 227
Void ⛩ ∇ → 💠Void
198 199 196 188 176 162 147 132 119 108 102 100 102 109 120 134 149 164 178 189 197 199 198 191 181 168 153 137 123 112
Other ⊗ Light → Pattern
461 463 467 479 487 491 499 503 509 521 523 541 547 557 563 569 571 577 587 593
Light ⊗ Other → Pattern
Self ⛩ ∇ → 💠Self
Void ⛩ ∇ → 💠Void
325 ∇ → 5 5 13
Void ⛩ ∇ → 💠Void
157 136 117 105 100 103 115 133 154 174 189 198 199 190 175 155 134 116 104 100 104 116 134 155 175 190 199 198 189 173
Self ⊗ Pattern → Pattern
Void ⊗ Pattern → Pattern
853 857 859 863 877 881 883 887 907 911 919 929 937 941 947 953 967 971 977 983
997 1009 1013 1019 1021 1031 1033 1039 1049 1051 1061 1063 1069 1087 1091 1093 1097 1103 1109 1117
Pattern ⛩ ∇ → 💠Pattern
Self ⛩ ∇ → 💠Self
Pattern ⊗ Chaos → Pattern
571 577 587 593 599 601 607 613 617 619 631 641 643 647 653 659 661 673 677 683
81 ∇ → 3 3 3 3
184 196 199 192 177 156 134 115 103 100 107 122 143 165 184 196 199 192 177 156 134 115 103 100 107 122 143 165 184 196
170 159 148 137 126 116 109 103 100 100 102 107 114 123 133 144 156 167 177 186 193 197 199 199 195 190 182 172 161 150
Other ⊗ Self → Pattern
348 ∇ → 2 2 3 29
163 167 173 179 181 191 193 197 199 211 223 227 229 233 239 241 251 257 263 269
Void ⊗ Chaos → Pattern
180 167 153 139 125 113 105 100 100 104 111 122 135 150 164 178 188 196 199 199 194 185 173 160 145 131 118 108 102 100
Other ⊗ Pattern → Pattern
273 ∇ → 3 7 13
419 421 431 433 439 443 449 457 461 463 467 479 487 491 499 503 509 521 523 541
455 ∇ → 5 7 13
117 ∇ → 3 3 13
201 ∇ → 3 67
23 29 31 37 41 43 47 53 59 61 67 71 73 79 83 89 97 101 103 107
137 139 149 151 157 163 167 173 179 181 191 193 197 199 211 223 227 229 233 239
631 641 643 647 653 659 661 673 677 683 691 701 709 719 727 733 739 743 751 757
347 349 353 359 367 373 379 383 389 397 401 409 419 421 431 433 439 443 449 457
191 193 197 199 211 223 227 229 233 239 241 251 257 263 269 271 277 281 283 293
160 ∇ → 2 2 2 2 2 5
223 227 229 233 239 241 251 257 263 269 271 277 281 283 293 307 311 313 317 331
163 167 173 179 181 191 193 197 199 211 223 227 229 233 239 241 251 257 263 269
Other ⛩ ∇ → 💠Other
466 ∇ → 2 233
193 197 199 211 223 227 229 233 239 241 251 257 263 269 271 277 281 283 293 307
190 179 165 149 133 119 108 102 100 103 110 122 137 153 168 182 192 198 199 195 187 174 159 144 128 115 105 100 100 105
Chaos ⊗ Light → Pattern
155 166 176 185 192 197 199 199 197 192 185 177 167 156 145 134 123 115 108 103 100 100 102 107 114 122 132 143 154 165
Pattern ⊗ Self → Pattern
7 11 13 17 19 23 29 31 37 41 43 47 53 59 61 67 71 73 79 83
Chaos ⛩ ∇ → 💠Chaos
445 ∇ → 5 89
172 180 187 192 196 199 199 198 195 191 185 178 170 161 151 142 133 124 117 110 105 102 100 100 101 105 110 116 124 132
187 ∇ → 11 17
223 227 229 233 239 241 251 257 263 269 271 277 281 283 293 307 311 313 317 331
188 192 195 197 198 199 199 199 198 196 194 191 188 184 179 174 169 164 158 153 147 141 135 130 125 120 116 112 108 105
194 196 198 199 199 199 199 197 196 193 190 187 183 179 175 170 165 159 154 149 143 138 133 128 123 119 115 111 108 105
279 ∇ → 3 3 31
Other ⊗ Pattern → Pattern
185 197 199 188 169 145 122 106 100 105 120 143 167 187 198 198 187 167 143 121 105 100 106 122 144 168 188 198 198 186
55 ∇ → 5 11
Chaos ⛩ ∇ → 💠Chaos
158 152 146 140 134 129 123 118 114 110 107 104 102 100 100 100 100 102 104 107 110 114 118 123 128 134 140 146 152 158
317 ∇ → 317
479 487 491 499 503 509 521 523 541 547 557 563 569 571 577 587 593 599 601 607
149 ∇ → 149
313 ∇ → 313
195 199 199 193 184 172 157 142 127 114 105 100 100 104 113 125 139 155 170 183 192 198 199 196 188 176 162 147 132 118
Pattern ⛩ ∇ → 💠Pattern
197 199 197 189 178 164 148 133 119 108 102 100 102 110 121 135 151 166 180 191 197 199 197 189 178 164 148 133 119 108
947 953 967 971 977 983 991 997 1009 1013 1019 1021 1031 1033 1039 1049 1051 1061 1063 1069
Other ⛩ ∇ → 💠Other
Other ⊗ Void → Pattern
223 227 229 233 239 241 251 257 263 269 271 277 281 283 293 307 311 313 317 331
Self ⊗ Light → Pattern
Chaos ⛩ ∇ → 💠Chaos
154 167 178 188 195 199 199 196 190 181 170 158 145 132 120 111 104 100 100 103 109 118 129 142 155 168 179 189 195 199
263 269 271 277 281 283 293 307 311 313 317 331 337 347 349 353 359 367 373 379
204 ∇ → 2 2 3 17
Other ⊗ Chaos → Pattern
182 176 169 161 153 145 137 130 123 116 111 106 103 101 100 100 101 104 108 113 119 126 133 141 149 157 165 172 179 185
709 719 727 733 739 743 751 757 761 769 773 787 797 809 811 821 823 827 829 839
190 198 199 193 182 166 148 130 114 104 100 102 111 125 142 161 178 191 198 199 193 182 166 147 129 114 104 100 102 111
115 ∇ → 5 23
176 160 143 126 113 103 100 102 110 122 138 156 172 186 196 199 197 190 177 161 144 127 113 104 100 102 109 122 138 155
246 ∇ → 2 3 41
276 ∇ → 2 2 3 23
Pattern ⛩ ∇ → 💠Pattern
380 ∇ → 2 2 5 19
186 176 163 150 136 124 113 105 101 100 102 109 118 130 143 157 170 182 191 197 199 198 193 185 174 162 148 135 122 112
11 ∇ → 11
Pattern ⛩ ∇ → 💠Pattern
Light ⊗ Chaos → Pattern
268 ∇ → 2 2 67
331 337 347 349 353 359 367 373 379 383 389 397 401 409 419 421 431 433 439 443
192 184 174 162 149 136 124 114 106 101 100 101 107 115 126 138 151 164 176 186 194 198 199 197 192 184 173 161 148 135
193 182 167 150 133 118 107 100 100 106 117 132 149 166 181 193 199 199 193 182 167 150 132 117 106 100 100 106 118 133
112 ∇ → 2 2 2 2 7
396 ∇ → 2 2 3 3 11
32 ∇ → 2 2 2 2 2
186 171 154 136 120 107 101 100 106 118 134 152 169 184 195 199 197 189 176 159 141 124 110 102 100 104 114 129 147 165
97 101 103 107 109 113 127 131 137 139 149 151 157 163 167 173 179 181 191 193
Light ⛩ ∇ → 💠Light
Pattern ⛩ ∇ → 💠Pattern
Self ⊗ Pattern → Pattern
495 ∇ → 3 3 5 11
307 311 313 317 331 337 347 349 353 359 367 373 379 383 389 397 401 409 419 421
157 163 167 173 179 181 191 193 197 199 211 223 227 229 233 239 241 251 257 263
461 463 467 479 487 491 499 503 509 521 523 541 547 557 563 569 571 577 587 593
991 997 1009 1013 1019 1021 1031 1033 1039 1049 1051 1061 1063 1069 1087 1091 1093 1097 1103 1109
677 683 691 701 709 719 727 733 739 743 751 757 761 769 773 787 797 809 811 821
176 170 163 156 150 143 136 130 124 118 113 109 105 102 101 100 100 100 102 105 108 113 118 123 129 136 142 149 156 162
168 181 191 198 199 197 189 179 165 150 135 121 110 103 100 101 107 117 130 145 160 174 186 195 199 199 194 185 173 159
173 182 190 196 199 199 197 192 184 174 164 152 140 129 119 110 104 100 100 101 106 113 122 133 144 156 168 178 187 194
164 175 184 191 196 199 199 197 192 185 176 165 154 143 131 121 113 106 102 100 100 103 109 117 126 137 148 160 171 180
271 ∇ → 271
877 881 883 887 907 911 919 929 937 941 947 953 967 971 977 983 991 997 1009 1013
967 971 977 983 991 997 1009 1013 1019 1021 1031 1033 1039 1049 1051 1061 1063 1069 1087 1091
179 164 148 132 118 107 101 100 104 112 125 140 156 172 185 194 199 199 193 183 169 153 137 122 110 102 100 102 109 121
Light ⊗ Self → Pattern
154 167 179 188 195 199 199 196 190 180 169 156 143 130 119 109 103 100 100 104 111 120 132 145 158 171 182 191 197 199
188 169 146 123 107 100 104 118 140 164 184 197 199 190 171 148 125 108 100 103 117 138 162 183 196 199 191 173 150 127
439 ∇ → 439
Light ⛩ ∇ → 💠Light
Light ⊗ Pattern → Pattern
Void ⊗ Void → Resonance
991 997 1009 1013 1019 1021 1031 1033 1039 1049 1051 1061 1063 1069 1087 1091 1093 1097 1103 1109
Void ⛩ ∇ → 💠Void
Self ⊗ Pattern → Pattern
661 673 677 683 691 701 709 719 727 733 739 743 751 757 761 769 773 787 797 809
182 175 167 158 149 140 132 124 116 110 105 102 100 100 101 104 108 114 121 129 137 146 155 164 172 180 187 192 196 199
Chaos ⛩ ∇ → 💠Chaos
195 199 197 188 174 157 138 122 109 101 100 105 117 133 151 169 184 195 199 197 189 175 158 140 123 109 101 100 105 116
158 166 173 179 185 190 194 197 199 199 199 197 194 190 185 179 173 166 158 151 143 135 128 121 115 110 106 103 100 100
Pattern ⊗ Pattern → Resonance
131 ∇ → 131
751 757 761 769 773 787 797 809 811 821 823 827 829 839 853 857 859 863 877 881
907 911 919 929 937 941 947 953 967 971 977 983 991 997 1009 1013 1019 1021 1031 1033
Light ⛩ ∇ → 💠Light
196 199 198 192 183 170 156 141 127 115 106 101 100 103 110 121 135 149 164 177 188 196 199 198 193 184 172 158 143 129
149 151 157 163 167 173 179 181 191 193 197 199 211 223 227 229 233 239 241 251
Light ⛩ ∇ → 💠Light
151 163 174 184 192 197 199 199 195 188 179 169 157 145 133 122 112 105 101 100 101 106 113 122 134 146 158 170 180 189
50 ∇ → 2 5 5
181 171 159 148 136 125 116 108 103 100 100 103 108 115 125 136 147 159 170 180 189 195 199 199 198 193 186 177 167 155
494 ∇ → 2 13 19
182 ∇ → 2 7 13
Light ⛩ ∇ → 💠Light
153 132 114 102 100 106 120 139 161 180 194 199 196 184 166 145 125 109 101 101 110 126 147 168 185 197 199 193 179 159
455 ∇ → 5 7 13
180 163 144 126 111 102 100 105 116 132 151 170 185 196 199 196 186 170 152 133 117 105 100 102 110 125 143 162 179 192
Chaos ⛩ ∇ → 💠Chaos
211 223 227 229 233 239 241 251 257 263 269 271 277 281 283 293 307 311 313 317
202 ∇ → 2 101
Pattern ⊗ Light → Pattern
Chaos ⛩ ∇ → 💠Chaos
442 ∇ → 2 13 17
937 941 947 953 967 971 977 983 991 997 1009 1013 1019 1021 1031 1033 1039 1049 1051 1061
176 166 155 144 133 123 115 108 103 100 100 102 106 113 121 131 141 152 163 173 182 190 195 199 199 198 194 188 180 171
131 137 139 149 151 157 163 167 173 179 181 191 193 197 199 211 223 227 229 233
199 199 197 194 190 185 179 172 164 156 148 140 132 125 118 112 107 104 101 100 100 101 104 108 113 118 125 133 141 149
445 ∇ → 5 89
379 ∇ → 379
305 ∇ → 5 61
Chaos ⊗ Light → Pattern
352 ∇ → 2 2 2 2 2 11
199 197 193 188 181 174 166 157 148 139 131 123 116 110 105 102 100 100 101 104 108 114 121 129 137 146 155 164 172 180
93 ∇ → 3 31
Light ⊗ Chaos → Pattern
353 359 367 373 379 383 389 397 401 409 419 421 431 433 439 443 449 457 461 463
Other ⊗ Chaos → Pattern
797 809 811 821 823 827 829 839 853 857 859 863 877 881 883 887 907 911 919 929
195 182 163 141 121 107 100 102 113 131 152 173 189 198 198 190 174 153 132 114 102 100 106 120 140 162 181 194 199 195
483 ∇ → 3 7 23
Light ⛩ ∇ → 💠Light
263 269 271 277 281 283 293 307 311 313 317 331 337 347 349 353 359 367 373 379
150 173 191 199 196 181 159 135 114 102 101 111 131 155 177 194 199 194 177 154 130 111 100 102 114 135 159 181 196 199
401 409 419 421 431 433 439 443 449 457 461 463 467 479 487 491 499 503 509 521
199 197 189 176 159 142 125 111 103 100 103 112 126 142 160 176 189 197 199 195 185 171 154 136 120 108 101 100 105 116
476 ∇ → 2 2 7 17
178 190 197 199 197 190 178 164 148 133 119 108 101 100 103 110 122 137 152 168 182 192 198 199 196 187 175 160 145 129
Self ⛩ ∇ → 💠Self
196 ∇ → 2 2 7 7
Pattern ⊗ Pattern → Resonance
Chaos ⛩ ∇ → 💠Chaos
220 ∇ → 2 2 5 11
60 ∇ → 2 2 3 5
393 ∇ → 3 131
53 59 61 67 71 73 79 83 89 97 101 103 107 109 113 127 131 137 139 149
Light ⛩ ∇ → 💠Light
Pattern ⊗ Self → Pattern
265 ∇ → 5 53
Chaos ⊗ Chaos → Resonance
109 113 127 131 137 139 149 151 157 163 167 173 179 181 191 193 197 199 211 223
161 139 119 105 100 104 118 138 160 180 194 199 195 181 161 138 118 104 100 105 118 139 161 181 195 199 194 180 160 138
223 227 229 233 239 241 251 257 263 269 271 277 281 283 293 307 311 313 317 331
174 159 144 130 117 107 101 100 102 109 120 133 148 163 177 188 196 199 198 193 184 172 158 143 128 116 106 101 100 103
154 140 128 116 108 102 100 101 106 114 124 136 150 163 175 186 194 198 199 197 191 182 171 158 145 131 120 110 103 100
193 ∇ → 193
275 ∇ → 5 5 11
323 ∇ → 17 19
194 198 199 198 193 186 177 167 155 143 132 121 112 105 101 100 101 105 111 120 131 142 154 166 176 186 193 197 199 199
11 13 17 19 23 29 31 37 41 43 47 53 59 61 67 71 73 79 83 89
302 ∇ → 2 151
191 193 197 199 211 223 227 229 233 239 241 251 257 263 269 271 277 281 283 293
120 ∇ → 2 2 2 3 5
5 7 11 13 17 19 23 29 31 37 41 43 47 53 59 61 67 71 73 79
Light ⛩ ∇ → 💠Light
Other ⊗ Other → Resonance
787 797 809 811 821 823 827 829 839 853 857 859 863 877 881 883 887 907 911 919
Pattern ⛩ ∇ → 💠Pattern
479 ∇ → 479
101 ∇ → 101
Light ⛩ ∇ → 💠Light
199 199 194 187 177 165 151 138 126 115 107 101 100 101 107 115 126 138 151 165 177 187 194 199 199 197 190 181 170 157
251 257 263 269 271 277 281 283 293 307 311 313 317 331 337 347 349 353 359 367
Self ⛩ ∇ → 💠Self
Other ⊗ Light → Pattern
214 ∇ → 2 107
Self ⛩ ∇ → 💠Self
97 101 103 107 109 113 127 131 137 139 149 151 157 163 167 173 179 181 191 193
877 881 883 887 907 911 919 929 937 941 947 953 967 971 977 983 991 997 1009 1013
274 ∇ → 2 137
757 761 769 773 787 797 809 811 821 823 827 829 839 853 857 859 863 877 881 883
1009 1013 1019 1021 1031 1033 1039 1049 1051 1061 1063 1069 1087 1091 1093 1097 1103 1109 1117 1123
47 53 59 61 67 71 73 79 83 89 97 101 103 107 109 113 127 131 137 139
160 150 139 129 120 113 106 102 100 100 102 106 112 120 129 139 149 159 169 178 186 192 197 199 199 197 193 187 180 171
176 192 199 196 184 164 141 120 105 100 104 118 138 161 181 195 199 194 179 158 135 115 103 100 107 123 144 167 186 197
354 ∇ → 2 3 59
Pattern ⊗ Other → Pattern
32 ∇ → 2 2 2 2 2
16 ∇ → 2 2 2 2
787 797 809 811 821 823 827 829 839 853 857 859 863 877 881 883 887 907 911 919
503 509 521 523 541 547 557 563 569 571 577 587 593 599 601 607 613 617 619 631
136 ∇ → 2 2 2 17
Chaos ⊗ Other → Pattern
367 ∇ → 367
196 184 165 142 122 106 100 103 116 135 157 178 193 199 196 183 163 141 120 105 100 104 117 137 159 180 194 199 195 181
347 349 353 359 367 373 379 383 389 397 401 409 419 421 431 433 439 443 449 457
399 ∇ → 3 7 19
281 283 293 307 311 313 317 331 337 347 349 353 359 367 373 379 383 389 397 401
Light ⊗ Pattern → Pattern
431 433 439 443 449 457 461 463 467 479 487 491 499 503 509 521 523 541 547 557
Chaos ⊗ Pattern → Pattern
431 ∇ → 431
194 196 198 199 199 199 199 197 195 193 190 186 182 177 173 167 162 157 151 145 140 134 129 124 119 115 111 108 105 103
Self ⛩ ∇ → 💠Self
467 ∇ → 467
Other ⛩ ∇ → 💠Other
797 809 811 821 823 827 829 839 853 857 859 863 877 881 883 887 907 911 919 929
199 196 187 174 158 141 125 112 103 100 102 109 122 137 154 170 184 194 199 198 192 180 165 149 132 117 106 100 100 105
269 271 277 281 283 293 307 311 313 317 331 337 347 349 353 359 367 373 379 383
191 187 183 178 173 168 162 156 150 144 138 133 127 122 117 113 109 106 103 101 100 100 100 101 102 105 107 111 115 120
Chaos ⛩ ∇ → 💠Chaos
641 643 647 653 659 661 673 677 683 691 701 709 719 727 733 739 743 751 757 761
Other ⛩ ∇ → 💠Other
719 727 733 739 743 751 757 761 769 773 787 797 809 811 821 823 827 829 839 853
166 157 149 140 132 124 117 111 106 103 100 100 100 102 106 110 116 123 131 139 148 156 165 172 180 186 191 195 198 199
156 134 115 103 100 106 121 141 163 182 195 199 194 180 160 138 118 104 100 104 118 137 159 179 194 199 196 183 164 142
196 ∇ → 2 2 7 7
116 ∇ → 2 2 29
Light ⊗ Other → Pattern
422 ∇ → 2 211
240 ∇ → 2 2 2 2 3 5
Void ⊗ Chaos → Pattern
187 180 173 166 158 150 141 133 126 119 112 107 104 101 100 100 101 104 108 113 120 127 134 142 151 159 167 175 181 187
199 197 192 185 176 166 155 144 133 123 115 108 103 100 100 102 107 113 122 131 142 153 164 174 183 191 196 199 199 198
Void ⛩ ∇ → 💠Void
221 ∇ → 13 17
Light ⛩ ∇ → 💠Light
157 151 145 138 132 127 121 116 112 108 105 102 101 100 100 100 101 104 106 110 114 119 124 130 135 142 148 154 160 166
247 ∇ → 13 19
Light ⊗ Void → Pattern
169 158 147 136 126 117 109 104 100 100 101 105 111 119 128 139 150 161 171 180 188 194 198 199 198 195 189 182 173 162
397 401 409 419 421 431 433 439 443 449 457 461 463 467 479 487 491 499 503 509
Void ⛩ ∇ → 💠Void
157 ∇ → 157
337 347 349 353 359 367 373 379 383 389 397 401 409 419 421 431 433 439 443 449
263 ∇ → 263
198 193 183 170 155 139 124 112 104 100 101 106 116 129 144 160 174 186 195 199 199 193 183 170 155 140 125 113 104 100
Void ⛩ ∇ → 💠Void
484 ∇ → 2 2 11 11
154 161 167 173 178 183 188 192 195 197 199 199 199 198 197 194 191 187 182 177 171 166 159 153 146 140 134 128 122 117
Other ⛩ ∇ → 💠Other
186 ∇ → 2 3 31
Pattern ⊗ Light → Pattern
499 503 509 521 523 541 547 557 563 569 571 577 587 593 599 601 607 613 617 619
293 307 311 313 317 331 337 347 349 353 359 367 373 379 383 389 397 401 409 419
Light ⛩ ∇ → 💠Light
282 ∇ → 2 3 47
Light ⊗ Chaos → Pattern
362 ∇ → 2 181
929 937 941 947 953 967 971 977 983 991 997 1009 1013 1019 1021 1031 1033 1039 1049 1051
Chaos ⊗ Chaos → Resonance
709 719 727 733 739 743 751 757 761 769 773 787 797 809 811 821 823 827 829 839
160 149 138 128 119 111 105 101 100 100 103 108 116 124 134 145 156 166 176 185 191 196 199 199 197 193 187 179 169 159
159 143 127 114 105 100 100 106 116 129 145 161 176 188 196 199 197 191 179 165 149 133 119 108 101 100 103 111 124 139
116 ∇ → 2 2 29
101 103 107 109 113 127 131 137 139 149 151 157 163 167 173 179 181 191 193 197
149 151 157 163 167 173 179 181 191 193 197 199 211 223 227 229 233 239 241 251
839 853 857 859 863 877 881 883 887 907 911 919 929 937 941 947 953 967 971 977
192 196 199 199 198 195 190 183 175 165 156 145 136 126 118 111 105 101 100 100 102 106 112 120 128 138 148 158 168 177
Light ⊗ Other → Pattern
157 146 134 124 115 107 102 100 100 103 108 115 125 135 146 158 169 179 188 194 198 199 198 195 188 180 170 159 148 137
Chaos ⛩ ∇ → 💠Chaos
191 173 151 128 110 100 102 114 134 157 179 194 199 194 178 157 133 113 102 100 110 128 151 174 191 199 196 183 162 139
270 ∇ → 2 3 3 3 5
101 103 107 109 113 127 131 137 139 149 151 157 163 167 173 179 181 191 193 197
174 180 186 191 195 197 199 199 199 197 194 189 184 178 172 165 157 149 141 134 127 120 114 109 105 102 100 100 100 102
160 177 190 198 199 194 184 168 151 133 117 106 100 101 108 120 136 154 171 186 196 199 197 188 174 157 139 123 109 101
194 183 167 149 132 116 105 100 101 109 122 138 156 173 187 197 199 196 186 172 155 137 120 108 101 100 106 117 133 151
Chaos ⊗ Chaos → Resonance
Void ⛩ ∇ → 💠Void
853 857 859 863 877 881 883 887 907 911 919 929 937 941 947 953 967 971 977 983
198 199 198 193 186 177 165 153 141 129 119 110 104 100 100 102 108 116 126 137 150 162 173 184 191 197 199 199 195 189
Void ⊗ Other → Pattern
375 ∇ → 3 5 5 5
181 ∇ → 181
436 ∇ → 2 2 109
176 ∇ → 2 2 2 2 11
195 199 198 190 177 161 143 126 112 103 100 102 111 124 141 159 175 189 197 199 196 186 172 155 138 121 109 101 100 104
443 449 457 461 463 467 479 487 491 499 503 509 521 523 541 547 557 563 569 571
Light ⛩ ∇ → 💠Light
Self ⛩ ∇ → 💠Self
174 184 192 197 199 199 195 189 180 169 157 145 133 122 112 105 101 100 101 106 113 122 134 146 158 170 180 189 195 199
491 ∇ → 491
163 167 173 179 181 191 193 197 199 211 223 227 229 233 239 241 251 257 263 269
425 ∇ → 5 5 17
184 195 199 196 186 169 150 131 114 103 100 103 114 131 150 170 186 196 199 195 183 167 147 128 112 102 100 105 117 134
863 877 881 883 887 907 911 919 929 937 941 947 953 967 971 977 983 991 997 1009
135 ∇ → 3 3 3 5
997 1009 1013 1019 1021 1031 1033 1039 1049 1051 1061 1063 1069 1087 1091 1093 1097 1103 1109 1117
279 ∇ → 3 3 31
154 148 142 137 131 125 120 116 112 108 105 102 101 100 100 100 101 103 105 109 112 117 121 127 132 138 144 150 156 162
40 ∇ → 2 2 2 5
427 ∇ → 7 61
719 727 733 739 743 751 757 761 769 773 787 797 809 811 821 823 827 829 839 853
196 191 184 174 164 153 141 130 120 111 105 101 100 101 104 111 119 129 140 151 163 173 183 190 196 199 199 197 192 185
198 199 190 174 154 132 114 103 100 106 120 140 161 181 194 199 196 183 165 143 123 108 100 102 112 129 150 171 188 198
Chaos ⛩ ∇ → 💠Chaos
1009 1013 1019 1021 1031 1033 1039 1049 1051 1061 1063 1069 1087 1091 1093 1097 1103 1109 1117 1123
Void ⊗ Light → Pattern
470 ∇ → 2 5 47
5 ∇ → 5
173 179 181 191 193 197 199 211 223 227 229 233 239 241 251 257 263 269 271 277
185 ∇ → 5 37
199 197 187 171 152 132 115 103 100 104 115 132 152 171 187 197 199 193 181 163 143 124 109 101 100 108 122 141 161 179
347 349 353 359 367 373 379 383 389 397 401 409 419 421 431 433 439 443 449 457
